signal_date,trade_date,trade_price,market_close,predicted_signal,confidence,bullish_probability,trend_filter_passed,target_allocation,action,cash,shares,position_value,portfolio_value,explanation
2024-05-31,2024-06-03,194.94499171240668,194.47283935546875,BUY_AND_HOLD,1.0,1.0,True,1.0,BUY,42.88715970397425,51,9918.114807128906,9961.00196683288,Benchmark entered at next-day open with trading costs and then held.
2024-06-03,2024-06-04,192.8732633917263,191.90966796875,BUY_AND_HOLD,1.0,1.0,True,1.0,HOLD,42.88715970397425,51,9787.39306640625,9830.280226110224,Benchmark entered at next-day open with trading costs and then held.
2024-06-04,2024-06-05,192.48781544983936,190.07882690429688,BUY_AND_HOLD,1.0,1.0,True,1.0,HOLD,42.88715970397425,51,9694.02017211914,9736.907331823115,Benchmark entered at next-day open with trading costs and then held.
2024-06-05,2024-06-06,190.0788267225114,189.7415771484375,BUY_AND_HOLD,1.0,1.0,True,1.0,HOLD,42.88715970397425,51,9676.820434570312,9719.707594274287,Benchmark entered at next-day open with trading costs and then held.
2024-06-06,2024-06-07,190.24263389810582,192.6708984375,BUY_AND_HOLD,1.0,1.0,True,1.0,HOLD,42.88715970397425,51,9826.2158203125,9869.102980016474,Benchmark entered at next-day open with trading costs and then held.
2024-06-07,2024-06-10,191.98676661770378,192.34329223632812,BUY_AND_HOLD,1.0,1.0,True,1.0,HOLD,42.88715970397425,51,9809.507904052734,9852.395063756709,Benchmark entered at next-day open with trading costs and then held.
2024-06-10,2024-06-11,190.70517529026583,187.28440856933594,BUY_AND_HOLD,1.0,1.0,True,1.0,HOLD,42.88715970397425,51,9551.504837036133,9594.391996740107,Benchmark entered at next-day open with trading costs and then held.
2024-06-11,2024-06-12,188.8647068899173,184.55743408203125,BUY_AND_HOLD,1.0,1.0,True,1.0,HOLD,42.88715970397425,51,9412.429138183594,9455.316297887568,Benchmark entered at next-day open with trading costs and then held.
2024-06-12,2024-06-13,185.31869460949812,186.6099090576172,BUY_AND_HOLD,1.0,1.0,True,1.0,HOLD,42.88715970397425,51,9517.105361938477,9559.99252164245,Benchmark entered at next-day open with trading costs and then held.
2024-06-13,2024-06-14,184.48033066680375,186.7255096435547,BUY_AND_HOLD,1.0,1.0,True,1.0,HOLD,42.88715970397425,51,9523.000991821289,9565.888151525263,Benchmark entered at next-day open with trading costs and then held.
2024-06-14,2024-06-17,186.43642762714947,187.88182067871094,BUY_AND_HOLD,1.0,1.0,True,1.0,HOLD,42.88715970397425,51,9581.972854614258,9624.860014318232,Benchmark entered at next-day open with trading costs and then held.
2024-06-17,2024-06-18,187.5156697796133,189.8282928466797,BUY_AND_HOLD,1.0,1.0,True,1.0,HOLD,42.88715970397425,51,9681.242935180664,9724.130094884638,Benchmark entered at next-day open with trading costs and then held.
2024-06-18,2024-06-20,189.24050362241672,191.4375,BUY_AND_HOLD,1.0,1.0,True,1.0,HOLD,42.88715970397425,51,9763.3125,9806.199659703974,Benchmark entered at next-day open with trading costs and then held.
2024-06-20,2024-06-21,189.54887100568703,189.15379333496094,BUY_AND_HOLD,1.0,1.0,True,1.0,HOLD,42.88715970397425,51,9646.843460083008,9689.730619786982,Benchmark entered at next-day open with trading costs and then held.
2024-06-21,2024-06-24,190.60879272565364,191.6398468017578,BUY_AND_HOLD,1.0,1.0,True,1.0,HOLD,42.88715970397425,51,9773.632186889648,9816.519346593623,Benchmark entered at next-day open with trading costs and then held.
2024-06-24,2024-06-25,190.87860580369815,190.85934448242188,BUY_AND_HOLD,1.0,1.0,True,1.0,HOLD,42.88715970397425,51,9733.826568603516,9776.71372830749,Benchmark entered at next-day open with trading costs and then held.
2024-06-25,2024-06-26,190.26192128986204,190.24264526367188,BUY_AND_HOLD,1.0,1.0,True,1.0,HOLD,42.88715970397425,51,9702.374908447266,9745.26206815124,Benchmark entered at next-day open with trading costs and then held.
2024-06-26,2024-06-27,190.25229544661778,191.9193115234375,BUY_AND_HOLD,1.0,1.0,True,1.0,HOLD,42.88715970397425,51,9787.884887695312,9830.772047399287,Benchmark entered at next-day open with trading costs and then held.
2024-06-27,2024-06-28,192.72871510952479,194.8968048095703,BUY_AND_HOLD,1.0,1.0,True,1.0,HOLD,42.88715970397425,51,9939.737045288086,9982.62420499206,Benchmark entered at next-day open with trading costs and then held.
2024-06-28,2024-07-01,195.455703082382,197.97068786621094,BUY_AND_HOLD,1.0,1.0,True,1.0,HOLD,42.88715970397425,51,10096.505081176758,10139.392240880732,Benchmark entered at next-day open with trading costs and then held.
2024-07-01,2024-07-02,197.81649464048778,201.22763061523438,BUY_AND_HOLD,1.0,1.0,True,1.0,HOLD,42.88715970397425,51,10262.609161376953,10305.496321080927,Benchmark entered at next-day open with trading costs and then held.
2024-07-02,2024-07-03,201.92143562022005,201.09274291992188,BUY_AND_HOLD,1.0,1.0,True,1.0,HOLD,42.88715970397425,51,10255.729888916016,10298.61704861999,Benchmark entered at next-day open with trading costs and then held.
2024-07-03,2024-07-05,200.55983012100543,198.42816162109375,BUY_AND_HOLD,1.0,1.0,True,1.0,HOLD,42.88715970397425,51,10119.836242675781,10162.723402379755,Benchmark entered at next-day open with trading costs and then held.
2024-07-05,2024-07-08,198.6703899428391,198.79635620117188,BUY_AND_HOLD,1.0,1.0,True,1.0,HOLD,42.88715970397425,51,10138.614166259766,10181.50132596374,Benchmark entered at next-day open with trading costs and then held.
2024-07-08,2024-07-09,199.2420772065153,201.17994689941406,BUY_AND_HOLD,1.0,1.0,True,1.0,HOLD,42.88715970397425,51,10260.177291870117,10303.064451574091,Benchmark entered at next-day open with trading costs and then held.
2024-07-09,2024-07-10,199.73621498518906,201.3446502685547,BUY_AND_HOLD,1.0,1.0,True,1.0,HOLD,42.88715970397425,51,10268.577163696289,10311.464323400263,Benchmark entered at next-day open with trading costs and then held.
2024-07-10,2024-07-11,199.8040388100942,201.00550842285156,BUY_AND_HOLD,1.0,1.0,True,1.0,HOLD,42.88715970397425,51,10251.28092956543,10294.168089269404,Benchmark entered at next-day open with trading costs and then held.
2024-07-11,2024-07-12,197.6626853145437,198.573486328125,BUY_AND_HOLD,1.0,1.0,True,1.0,HOLD,42.88715970397425,51,10127.247802734375,10170.13496243835,Benchmark entered at next-day open with trading costs and then held.
2024-07-12,2024-07-15,200.75359574459293,203.52474975585938,BUY_AND_HOLD,1.0,1.0,True,1.0,HOLD,42.88715970397425,51,10379.762237548828,10422.649397252802,Benchmark entered at next-day open with trading costs and then held.
2024-07-15,2024-07-16,203.47633180474006,206.98387145996094,BUY_AND_HOLD,1.0,1.0,True,1.0,HOLD,42.88715970397425,51,10556.177444458008,10599.064604161982,Benchmark entered at next-day open with trading costs and then held.
2024-07-16,2024-07-17,207.15826659720184,210.1328887939453,BUY_AND_HOLD,1.0,1.0,True,1.0,HOLD,42.88715970397425,51,10716.777328491211,10759.664488195185,Benchmark entered at next-day open with trading costs and then held.
2024-07-17,2024-07-18,208.93143057917348,203.45693969726562,BUY_AND_HOLD,1.0,1.0,True,1.0,HOLD,42.88715970397425,51,10376.303924560547,10419.191084264521,Benchmark entered at next-day open with trading costs and then held.
2024-07-18,2024-07-19,204.63903879865143,203.26315307617188,BUY_AND_HOLD,1.0,1.0,True,1.0,HOLD,42.88715970397425,51,10366.420806884766,10409.30796658874,Benchmark entered at next-day open with trading costs and then held.
2024-07-19,2024-07-22,203.92200504675955,203.74758911132812,BUY_AND_HOLD,1.0,1.0,True,1.0,HOLD,42.88715970397425,51,10391.127044677734,10434.014204381709,Benchmark entered at next-day open with trading costs and then held.
2024-07-22,2024-07-23,204.46463368807304,203.7960662841797,BUY_AND_HOLD,1.0,1.0,True,1.0,HOLD,42.88715970397425,51,10393.599380493164,10436.486540197138,Benchmark entered at next-day open with trading costs and then held.
2024-07-23,2024-07-24,203.04029133995283,202.110107421875,BUY_AND_HOLD,1.0,1.0,True,1.0,HOLD,42.88715970397425,51,10307.615478515625,10350.5026382196,Benchmark entered at next-day open with trading costs and then held.
2024-07-24,2024-07-25,202.16823923465998,202.1876220703125,BUY_AND_HOLD,1.0,1.0,True,1.0,HOLD,42.88715970397425,51,10311.568725585938,10354.455885289912,Benchmark entered at next-day open with trading costs and then held.
2024-07-25,2024-07-26,202.73990905497504,205.64671325683594,BUY_AND_HOLD,1.0,1.0,True,1.0,HOLD,42.88715970397425,51,10487.982376098633,10530.869535802607,Benchmark entered at next-day open with trading costs and then held.
2024-07-26,2024-07-29,206.0439977259107,204.2999267578125,BUY_AND_HOLD,1.0,1.0,True,1.0,HOLD,42.88715970397425,51,10419.296264648438,10462.183424352412,Benchmark entered at next-day open with trading costs and then held.
2024-07-29,2024-07-30,206.60597759056023,208.50509643554688,BUY_AND_HOLD,1.0,1.0,True,1.0,HOLD,42.88715970397425,51,10633.75991821289,10676.647077916865,Benchmark entered at next-day open with trading costs and then held.
2024-07-30,2024-07-31,208.10780244291595,206.18931579589844,BUY_AND_HOLD,1.0,1.0,True,1.0,HOLD,42.88715970397425,51,10515.65510559082,10558.542265294795,Benchmark entered at next-day open with trading costs and then held.
2024-07-31,2024-08-01,206.57691954144522,201.4997100830078,BUY_AND_HOLD,1.0,1.0,True,1.0,HOLD,42.88715970397425,51,10276.485214233398,10319.372373937373,Benchmark entered at next-day open with trading costs and then held.
2024-08-01,2024-08-02,197.54641494122876,192.9536590576172,BUY_AND_HOLD,1.0,1.0,True,1.0,HOLD,42.88715970397425,51,9840.636611938477,9883.52377164245,Benchmark entered at next-day open with trading costs and then held.
2024-08-02,2024-08-05,188.0217818061266,188.84536743164062,BUY_AND_HOLD,1.0,1.0,True,1.0,HOLD,42.88715970397425,51,9631.113739013672,9674.000898717646,Benchmark entered at next-day open with trading costs and then held.
2024-08-05,2024-08-06,189.3298537713401,194.11639404296875,BUY_AND_HOLD,1.0,1.0,True,1.0,HOLD,42.88715970397425,51,9899.936096191406,9942.82325589538,Benchmark entered at next-day open with trading costs and then held.
2024-08-06,2024-08-07,197.1879333756755,194.17454528808594,BUY_AND_HOLD,1.0,1.0,True,1.0,HOLD,42.88715970397425,51,9902.901809692383,9945.788969396357,Benchmark entered at next-day open with trading costs and then held.
2024-08-07,2024-08-08,196.18023761176147,197.72084045410156,BUY_AND_HOLD,1.0,1.0,True,1.0,HOLD,42.88715970397425,51,10083.76286315918,10126.650022863154,Benchmark entered at next-day open with trading costs and then held.
2024-08-08,2024-08-09,197.14917929384904,199.40679931640625,BUY_AND_HOLD,1.0,1.0,True,1.0,HOLD,42.88715970397425,51,10169.746765136719,10212.633924840693,Benchmark entered at next-day open with trading costs and then held.
2024-08-09,2024-08-12,199.99785008173868,199.78468322753906,BUY_AND_HOLD,1.0,1.0,True,1.0,HOLD,42.88715970397425,51,10189.018844604492,10231.906004308466,Benchmark entered at next-day open with trading costs and then held.
2024-08-12,2024-08-13,201.2768180938325,201.4803009033203,BUY_AND_HOLD,1.0,1.0,True,1.0,HOLD,42.88715970397425,51,10275.495346069336,10318.38250577331,Benchmark entered at next-day open with trading costs and then held.
2024-08-13,2024-08-14,201.28651017228518,203.70884704589844,BUY_AND_HOLD,1.0,1.0,True,1.0,HOLD,42.88715970397425,51,10389.15119934082,10432.038359044795,Benchmark entered at next-day open with trading costs and then held.
2024-08-14,2024-08-15,206.38313257200716,204.97817993164062,BUY_AND_HOLD,1.0,1.0,True,1.0,HOLD,42.88715970397425,51,10453.887176513672,10496.774336217646,Benchmark entered at next-day open with trading costs and then held.
2024-08-15,2024-08-16,205.11381260076865,207.32298278808594,BUY_AND_HOLD,1.0,1.0,True,1.0,HOLD,42.88715970397425,51,10573.472122192383,10616.359281896357,Benchmark entered at next-day open with trading costs and then held.
2024-08-16,2024-08-19,207.35205125366764,208.7570037841797,BUY_AND_HOLD,1.0,1.0,True,1.0,HOLD,42.88715970397425,51,10646.607192993164,10689.494352697138,Benchmark entered at next-day open with trading costs and then held.
2024-08-19,2024-08-20,208.32099585006753,207.8559112548828,BUY_AND_HOLD,1.0,1.0,True,1.0,HOLD,42.88715970397425,51,10600.651473999023,10643.538633702998,Benchmark entered at next-day open with trading costs and then held.
2024-08-20,2024-08-21,207.7686787205856,207.93341064453125,BUY_AND_HOLD,1.0,1.0,True,1.0,HOLD,42.88715970397425,51,10604.603942871094,10647.491102575068,Benchmark entered at next-day open with trading costs and then held.
2024-08-21,2024-08-22,207.91402560473358,209.9003448486328,BUY_AND_HOLD,1.0,1.0,True,1.0,HOLD,42.88715970397425,51,10704.917587280273,10747.804746984248,Benchmark entered at next-day open with trading costs and then held.
2024-08-22,2024-08-23,210.8402170417045,211.5281524658203,BUY_AND_HOLD,1.0,1.0,True,1.0,HOLD,42.88715970397425,51,10787.935775756836,10830.82293546081,Benchmark entered at next-day open with trading costs and then held.
2024-08-23,2024-08-26,212.20638657501476,212.36141967773438,BUY_AND_HOLD,1.0,1.0,True,1.0,HOLD,42.88715970397425,51,10830.432403564453,10873.319563268427,Benchmark entered at next-day open with trading costs and then held.
2024-08-26,2024-08-27,212.69087283059343,213.34005737304688,BUY_AND_HOLD,1.0,1.0,True,1.0,HOLD,42.88715970397425,51,10880.34292602539,10923.230085729365,Benchmark entered at next-day open with trading costs and then held.
2024-08-27,2024-08-28,212.43896777243532,214.41558837890625,BUY_AND_HOLD,1.0,1.0,True,1.0,HOLD,42.88715970397425,51,10935.195007324219,10978.082167028193,Benchmark entered at next-day open with trading costs and then held.
2024-08-28,2024-08-29,215.24885832915527,215.3070068359375,BUY_AND_HOLD,1.0,1.0,True,1.0,HOLD,42.88715970397425,51,10980.657348632812,11023.544508336787,Benchmark entered at next-day open with trading costs and then held.
2024-08-29,2024-08-30,215.58799060688506,217.81654357910156,BUY_AND_HOLD,1.0,1.0,True,1.0,HOLD,42.88715970397425,51,11108.64372253418,11151.530882238154,Benchmark entered at next-day open with trading costs and then held.
2024-08-30,2024-09-03,215.39421425176897,213.4563446044922,BUY_AND_HOLD,1.0,1.0,True,1.0,HOLD,42.88715970397425,51,10886.273574829102,10929.160734533076,Benchmark entered at next-day open with trading costs and then held.
2024-09-03,2024-09-04,214.173349783352,212.5164794921875,BUY_AND_HOLD,1.0,1.0,True,1.0,HOLD,42.88715970397425,51,10838.340454101562,10881.227613805537,Benchmark entered at next-day open with trading costs and then held.
2024-09-04,2024-09-05,213.3109983559998,210.86929321289062,BUY_AND_HOLD,1.0,1.0,True,1.0,HOLD,42.88715970397425,51,10754.333953857422,10797.221113561396,Benchmark entered at next-day open with trading costs and then held.
2024-09-05,2024-09-06,210.84021807182933,205.85989379882812,BUY_AND_HOLD,1.0,1.0,True,1.0,HOLD,42.88715970397425,51,10498.854583740234,10541.741743444209,Benchmark entered at next-day open with trading costs and then held.
2024-09-06,2024-09-09,208.5050831538885,210.0747528076172,BUY_AND_HOLD,1.0,1.0,True,1.0,HOLD,42.88715970397425,51,10713.812393188477,10756.69955289245,Benchmark entered at next-day open with trading costs and then held.
2024-09-09,2024-09-10,211.80915850031667,199.1742401123047,BUY_AND_HOLD,1.0,1.0,True,1.0,HOLD,42.88715970397425,51,10157.886245727539,10200.773405431513,Benchmark entered at next-day open with trading costs and then held.
2024-09-10,2024-09-11,198.8738715965842,200.7923583984375,BUY_AND_HOLD,1.0,1.0,True,1.0,HOLD,42.88715970397425,51,10240.410278320312,10283.297438024287,Benchmark entered at next-day open with trading costs and then held.
2024-09-11,2024-09-12,201.19928489216215,200.18191528320312,BUY_AND_HOLD,1.0,1.0,True,1.0,HOLD,42.88715970397425,51,10209.27767944336,10252.164839147334,Benchmark entered at next-day open with trading costs and then held.
2024-09-12,2024-09-13,200.43385091874683,197.97276306152344,BUY_AND_HOLD,1.0,1.0,True,1.0,HOLD,42.88715970397425,51,10096.610916137695,10139.49807584167,Benchmark entered at next-day open with trading costs and then held.
2024-09-13,2024-09-16,199.4358649216426,201.40280151367188,BUY_AND_HOLD,1.0,1.0,True,1.0,HOLD,42.88715970397425,51,10271.542877197266,10314.43003690124,Benchmark entered at next-day open with trading costs and then held.
2024-09-16,2024-09-17,201.27681826210605,202.74960327148438,BUY_AND_HOLD,1.0,1.0,True,1.0,HOLD,42.88715970397425,51,10340.229766845703,10383.116926549677,Benchmark entered at next-day open with trading costs and then held.
2024-09-17,2024-09-18,202.51705769768571,201.08303833007812,BUY_AND_HOLD,1.0,1.0,True,1.0,HOLD,42.88715970397425,51,10255.234954833984,10298.122114537959,Benchmark entered at next-day open with trading costs and then held.
2024-09-18,2024-09-19,203.2631395933968,203.94139099121094,BUY_AND_HOLD,1.0,1.0,True,1.0,HOLD,42.88715970397425,51,10401.010940551758,10443.898100255732,Benchmark entered at next-day open with trading costs and then held.
2024-09-19,2024-09-20,203.40848746171363,204.53245544433594,BUY_AND_HOLD,1.0,1.0,True,1.0,HOLD,42.88715970397425,51,10431.155227661133,10474.042387365107,Benchmark entered at next-day open with trading costs and then held.
2024-09-20,2024-09-23,204.4452483421294,204.87158203125,BUY_AND_HOLD,1.0,1.0,True,1.0,HOLD,42.88715970397425,51,10448.45068359375,10491.337843297724,Benchmark entered at next-day open with trading costs and then held.
2024-09-23,2024-09-24,204.5905578420718,205.0168914794922,BUY_AND_HOLD,1.0,1.0,True,1.0,HOLD,42.88715970397425,51,10455.861465454102,10498.748625158076,Benchmark entered at next-day open with trading costs and then held.
2024-09-24,2024-09-25,205.10413446049944,203.66043090820312,BUY_AND_HOLD,1.0,1.0,True,1.0,HOLD,42.88715970397425,51,10386.68197631836,10429.569136022334,Benchmark entered at next-day open with trading costs and then held.
2024-09-25,2024-09-26,204.57122104675736,203.26315307617188,BUY_AND_HOLD,1.0,1.0,True,1.0,HOLD,42.88715970397425,51,10366.420806884766,10409.30796658874,Benchmark entered at next-day open with trading costs and then held.
2024-09-26,2024-09-27,204.10610395531677,203.9607696533203,BUY_AND_HOLD,1.0,1.0,True,1.0,HOLD,42.88715970397425,51,10401.999252319336,10444.88641202331,Benchmark entered at next-day open with trading costs and then held.
2024-09-27,2024-09-30,199.90094435379316,204.30960083007812,BUY_AND_HOLD,1.0,1.0,True,1.0,HOLD,42.88715970397425,51,10419.789642333984,10462.676802037959,Benchmark entered at next-day open with trading costs and then held.
2024-09-30,2024-10-01,202.410449695536,200.6082305908203,BUY_AND_HOLD,1.0,1.0,True,1.0,HOLD,42.88715970397425,51,10231.019760131836,10273.90691983581,Benchmark entered at next-day open with trading costs and then held.
2024-10-01,2024-10-02,200.64704159329037,200.8505096435547,BUY_AND_HOLD,1.0,1.0,True,1.0,HOLD,42.88715970397425,51,10243.375991821289,10286.263151525263,Benchmark entered at next-day open with trading costs and then held.
2024-10-02,2024-10-03,199.7652779699277,198.85447692871094,BUY_AND_HOLD,1.0,1.0,True,1.0,HOLD,42.88715970397425,51,10141.578323364258,10184.465483068232,Benchmark entered at next-day open with trading costs and then held.
2024-10-03,2024-10-04,204.04082887563027,205.91258239746094,BUY_AND_HOLD,1.0,1.0,True,1.0,HOLD,42.88715970397425,51,10501.541702270508,10544.428861974482,Benchmark entered at next-day open with trading costs and then held.
2024-10-04,2024-10-07,205.727330230475,205.6298370361328,BUY_AND_HOLD,1.0,1.0,True,1.0,HOLD,42.88715970397425,51,10487.121688842773,10530.008848546748,Benchmark entered at next-day open with trading costs and then held.
2024-10-07,2024-10-08,205.28864968329236,205.45437622070312,BUY_AND_HOLD,1.0,1.0,True,1.0,HOLD,42.88715970397425,51,10478.17318725586,10521.060346959834,Benchmark entered at next-day open with trading costs and then held.
2024-10-08,2024-10-09,204.43075470295543,208.05728149414062,BUY_AND_HOLD,1.0,1.0,True,1.0,HOLD,42.88715970397425,51,10610.921356201172,10653.808515905146,Benchmark entered at next-day open with trading costs and then held.
2024-10-09,2024-10-10,209.41235175203676,207.49185180664062,BUY_AND_HOLD,1.0,1.0,True,1.0,HOLD,42.88715970397425,51,10582.084442138672,10624.971601842646,Benchmark entered at next-day open with trading costs and then held.
2024-10-10,2024-10-11,210.250740587431,216.7043914794922,BUY_AND_HOLD,1.0,1.0,True,1.0,HOLD,42.88715970397425,51,11051.923965454102,11094.811125158076,Benchmark entered at next-day open with trading costs and then held.
2024-10-11,2024-10-14,217.59154635078056,215.91476440429688,BUY_AND_HOLD,1.0,1.0,True,1.0,HOLD,42.88715970397425,51,11011.65298461914,11054.540144323115,Benchmark entered at next-day open with trading costs and then held.
2024-10-14,2024-10-15,218.03997203841485,216.8018798828125,BUY_AND_HOLD,1.0,1.0,True,1.0,HOLD,42.88715970397425,51,11056.895874023438,11099.783033727412,Benchmark entered at next-day open with trading costs and then held.
2024-10-15,2024-10-16,216.74341191631046,218.02049255371094,BUY_AND_HOLD,1.0,1.0,True,1.0,HOLD,42.88715970397425,51,11119.045120239258,11161.932279943232,Benchmark entered at next-day open with trading costs and then held.
2024-10-16,2024-10-17,218.63465886479744,218.7808837890625,BUY_AND_HOLD,1.0,1.0,True,1.0,HOLD,42.88715970397425,51,11157.825073242188,11200.712232946162,Benchmark entered at next-day open with trading costs and then held.
2024-10-17,2024-10-18,219.34630268368366,219.70700073242188,BUY_AND_HOLD,1.0,1.0,True,1.0,HOLD,42.88715970397425,51,11205.057037353516,11247.94419705749,Benchmark entered at next-day open with trading costs and then held.
2024-10-18,2024-10-21,219.56077874097096,217.3965606689453,BUY_AND_HOLD,1.0,1.0,True,1.0,HOLD,42.88715970397425,51,11087.224594116211,11130.111753820185,Benchmark entered at next-day open with trading costs and then held.
2024-10-21,2024-10-22,217.41606776100463,218.48841857910156,BUY_AND_HOLD,1.0,1.0,True,1.0,HOLD,42.88715970397425,51,11142.90934753418,11185.796507238154,Benchmark entered at next-day open with trading costs and then held.
2024-10-22,2024-10-23,218.03998276879733,217.7962646484375,BUY_AND_HOLD,1.0,1.0,True,1.0,HOLD,42.88715970397425,51,11107.609497070312,11150.496656774287,Benchmark entered at next-day open with trading costs and then held.
2024-10-23,2024-10-24,216.2559402029636,219.3267822265625,BUY_AND_HOLD,1.0,1.0,True,1.0,HOLD,42.88715970397425,51,11185.665893554688,11228.553053258662,Benchmark entered at next-day open with trading costs and then held.
2024-10-24,2024-10-25,219.34630148528674,216.72389221191406,BUY_AND_HOLD,1.0,1.0,True,1.0,HOLD,42.88715970397425,51,11052.918502807617,11095.805662511591,Benchmark entered at next-day open with trading costs and then held.
2024-10-25,2024-10-28,217.73775527740884,219.83372497558594,BUY_AND_HOLD,1.0,1.0,True,1.0,HOLD,42.88715970397425,51,11211.519973754883,11254.407133458857,Benchmark entered at next-day open with trading costs and then held.
2024-10-28,2024-10-29,219.55102479793467,217.29905700683594,BUY_AND_HOLD,1.0,1.0,True,1.0,HOLD,42.88715970397425,51,11082.251907348633,11125.139067052607,Benchmark entered at next-day open with trading costs and then held.
2024-10-29,2024-10-30,216.94811179819678,218.77113342285156,BUY_AND_HOLD,1.0,1.0,True,1.0,HOLD,42.88715970397425,51,11157.32780456543,11200.214964269404,Benchmark entered at next-day open with trading costs and then held.
2024-10-30,2024-10-31,219.05384859373325,216.3437042236328,BUY_AND_HOLD,1.0,1.0,True,1.0,HOLD,42.88715970397425,51,11033.528915405273,11076.416075109248,Benchmark entered at next-day open with trading costs and then held.
2024-10-31,2024-11-01,217.94248990978247,217.33807373046875,BUY_AND_HOLD,1.0,1.0,True,1.0,HOLD,42.88715970397425,51,11084.241760253906,11127.12891995788,Benchmark entered at next-day open with trading costs and then held.
2024-11-01,2024-11-04,217.0553561208246,214.25747680664062,BUY_AND_HOLD,1.0,1.0,True,1.0,HOLD,42.88715970397425,51,10927.131317138672,10970.018476842646,Benchmark entered at next-day open with trading costs and then held.
2024-11-04,2024-11-05,214.50119437936183,215.9245147705078,BUY_AND_HOLD,1.0,1.0,True,1.0,HOLD,42.88715970397425,51,11012.150253295898,11055.037412999873,Benchmark entered at next-day open with trading costs and then held.
2024-11-05,2024-11-06,229.09501563923988,240.8519744873047,BUY_AND_HOLD,1.0,1.0,True,1.0,HOLD,42.88715970397425,51,12283.450698852539,12326.337858556513,Benchmark entered at next-day open with trading costs and then held.
2024-11-06,2024-11-07,238.35631288973238,230.4403533935547,BUY_AND_HOLD,1.0,1.0,True,1.0,HOLD,42.88715970397425,51,11752.458023071289,11795.345182775263,Benchmark entered at next-day open with trading costs and then held.
2024-11-07,2024-11-08,233.3259835376562,231.02528381347656,BUY_AND_HOLD,1.0,1.0,True,1.0,HOLD,42.88715970397425,51,11782.289474487305,11825.176634191279,Benchmark entered at next-day open with trading costs and then held.
2024-11-08,2024-11-11,233.96938766335575,233.2772216796875,BUY_AND_HOLD,1.0,1.0,True,1.0,HOLD,42.88715970397425,51,11897.138305664062,11940.025465368037,Benchmark entered at next-day open with trading costs and then held.
2024-11-11,2024-11-12,234.5055801689047,233.5404510498047,BUY_AND_HOLD,1.0,1.0,True,1.0,HOLD,42.88715970397425,51,11910.563003540039,11953.450163244013,Benchmark entered at next-day open with trading costs and then held.
2024-11-12,2024-11-13,234.53482242214545,235.10025024414062,BUY_AND_HOLD,1.0,1.0,True,1.0,HOLD,42.88715970397425,51,11990.112762451172,12032.999922155146,Benchmark entered at next-day open with trading costs and then held.
2024-11-13,2024-11-14,236.32858701887602,235.7924041748047,BUY_AND_HOLD,1.0,1.0,True,1.0,HOLD,42.88715970397425,51,12025.412612915039,12068.299772619013,Benchmark entered at next-day open with trading costs and then held.
2024-11-14,2024-11-15,235.3927154551627,239.14596557617188,BUY_AND_HOLD,1.0,1.0,True,1.0,HOLD,42.88715970397425,51,12196.444244384766,12239.33140408874,Benchmark entered at next-day open with trading costs and then held.
2024-11-15,2024-11-18,241.53439878737493,238.8730010986328,BUY_AND_HOLD,1.0,1.0,True,1.0,HOLD,42.88715970397425,51,12182.523056030273,12225.410215734248,Benchmark entered at next-day open with trading costs and then held.
2024-11-18,2024-11-19,236.16286116516665,236.98175048828125,BUY_AND_HOLD,1.0,1.0,True,1.0,HOLD,42.88715970397425,51,12086.069274902344,12128.956434606318,Benchmark entered at next-day open with trading costs and then held.
2024-11-19,2024-11-20,238.25883102314248,234.72979736328125,BUY_AND_HOLD,1.0,1.0,True,1.0,HOLD,42.88715970397425,51,11971.219665527344,12014.106825231318,Benchmark entered at next-day open with trading costs and then held.
2024-11-20,2024-11-21,237.1182332570701,238.6097869873047,BUY_AND_HOLD,1.0,1.0,True,1.0,HOLD,42.88715970397425,51,12169.099136352539,12211.986296056513,Benchmark entered at next-day open with trading costs and then held.
2024-11-21,2024-11-22,237.48869284835715,242.3045654296875,BUY_AND_HOLD,1.0,1.0,True,1.0,HOLD,42.88715970397425,51,12357.532836914062,12400.419996618037,Benchmark entered at next-day open with trading costs and then held.
2024-11-22,2024-11-25,243.31841622067435,244.00082397460938,BUY_AND_HOLD,1.0,1.0,True,1.0,HOLD,42.88715970397425,51,12444.042022705078,12486.929182409052,Benchmark entered at next-day open with trading costs and then held.
2024-11-25,2024-11-26,244.19578056106974,243.6888427734375,BUY_AND_HOLD,1.0,1.0,True,1.0,HOLD,42.88715970397425,51,12428.130981445312,12471.018141149287,Benchmark entered at next-day open with trading costs and then held.
2024-11-26,2024-11-27,243.08446580861101,243.51339721679688,BUY_AND_HOLD,1.0,1.0,True,1.0,HOLD,42.88715970397425,51,12419.18325805664,12462.070417760615,Benchmark entered at next-day open with trading costs and then held.
2024-11-27,2024-11-29,243.58164146598557,243.44515991210938,BUY_AND_HOLD,1.0,1.0,True,1.0,HOLD,42.88715970397425,51,12415.703155517578,12458.590315221552,Benchmark entered at next-day open with trading costs and then held.
2024-11-29,2024-12-02,243.27942956062554,240.06234741210938,BUY_AND_HOLD,1.0,1.0,True,1.0,HOLD,42.88715970397425,51,12243.179718017578,12286.066877721552,Benchmark entered at next-day open with trading costs and then held.
2024-12-02,2024-12-03,241.9926085281729,238.66830444335938,BUY_AND_HOLD,1.0,1.0,True,1.0,HOLD,42.88715970397425,51,12172.083526611328,12214.970686315302,Benchmark entered at next-day open with trading costs and then held.
2024-12-03,2024-12-04,238.55130331898147,237.28396606445312,BUY_AND_HOLD,1.0,1.0,True,1.0,HOLD,42.88715970397425,51,12101.48226928711,12144.369428991084,Benchmark entered at next-day open with trading costs and then held.
2024-12-04,2024-12-05,239.22395633141434,239.3116912841797,BUY_AND_HOLD,1.0,1.0,True,1.0,HOLD,42.88715970397425,51,12204.896255493164,12247.783415197138,Benchmark entered at next-day open with trading costs and then held.
2024-12-05,2024-12-06,239.52616308454475,241.1444549560547,BUY_AND_HOLD,1.0,1.0,True,1.0,HOLD,42.88715970397425,51,12298.367202758789,12341.254362462763,Benchmark entered at next-day open with trading costs and then held.
2024-12-06,2024-12-09,240.92022306263036,237.6836395263672,BUY_AND_HOLD,1.0,1.0,True,1.0,HOLD,42.88715970397425,51,12121.865615844727,12164.7527755487,Benchmark entered at next-day open with trading costs and then held.
2024-12-09,2024-12-10,237.761640011308,236.7575225830078,BUY_AND_HOLD,1.0,1.0,True,1.0,HOLD,42.88715970397425,51,12074.633651733398,12117.520811437373,Benchmark entered at next-day open with trading costs and then held.
2024-12-10,2024-12-11,237.8688815563827,237.4106903076172,BUY_AND_HOLD,1.0,1.0,True,1.0,HOLD,42.88715970397425,51,12107.945205688477,12150.83236539245,Benchmark entered at next-day open with trading costs and then held.
2024-12-11,2024-12-12,236.89401651787773,235.46095275878906,BUY_AND_HOLD,1.0,1.0,True,1.0,HOLD,42.88715970397425,51,12008.508590698242,12051.395750402216,Benchmark entered at next-day open with trading costs and then held.
2024-12-12,2024-12-13,235.98738706163792,233.91090393066406,BUY_AND_HOLD,1.0,1.0,True,1.0,HOLD,42.88715970397425,51,11929.456100463867,11972.343260167841,Benchmark entered at next-day open with trading costs and then held.
2024-12-13,2024-12-16,234.564053927533,233.5599365234375,BUY_AND_HOLD,1.0,1.0,True,1.0,HOLD,42.88715970397425,51,11911.556762695312,11954.443922399287,Benchmark entered at next-day open with trading costs and then held.
2024-12-16,2024-12-17,232.65331194344375,232.37060546875,BUY_AND_HOLD,1.0,1.0,True,1.0,HOLD,42.88715970397425,51,11850.90087890625,11893.788038610224,Benchmark entered at next-day open with trading costs and then held.
2024-12-17,2024-12-18,232.99449797344306,224.5813446044922,BUY_AND_HOLD,1.0,1.0,True,1.0,HOLD,42.88715970397425,51,11453.648574829102,11496.535734533076,Benchmark entered at next-day open with trading costs and then held.
2024-12-18,2024-12-19,226.433628353376,227.10629272460938,BUY_AND_HOLD,1.0,1.0,True,1.0,HOLD,42.88715970397425,51,11582.420928955078,11625.308088659052,Benchmark entered at next-day open with trading costs and then held.
2024-12-19,2024-12-20,226.09243135853401,231.6297149658203,BUY_AND_HOLD,1.0,1.0,True,1.0,HOLD,42.88715970397425,51,11813.115463256836,11856.00262296081,Benchmark entered at next-day open with trading costs and then held.
2024-12-20,2024-12-23,230.1381600842092,232.3998565673828,BUY_AND_HOLD,1.0,1.0,True,1.0,HOLD,42.88715970397425,51,11852.392684936523,11895.279844640498,Benchmark entered at next-day open with trading costs and then held.
2024-12-23,2024-12-24,233.41372161961854,236.2213592529297,BUY_AND_HOLD,1.0,1.0,True,1.0,HOLD,42.88715970397425,51,12047.289321899414,12090.176481603388,Benchmark entered at next-day open with trading costs and then held.
2024-12-24,2024-12-26,235.36344862473942,237.03048706054688,BUY_AND_HOLD,1.0,1.0,True,1.0,HOLD,42.88715970397425,51,12088.55484008789,12131.441999791865,Benchmark entered at next-day open with trading costs and then held.
2024-12-26,2024-12-27,236.62105597051928,235.11000061035156,BUY_AND_HOLD,1.0,1.0,True,1.0,HOLD,42.88715970397425,51,11990.61003112793,12033.497190831904,Benchmark entered at next-day open with trading costs and then held.
2024-12-27,2024-12-30,232.7702899766497,233.3064727783203,BUY_AND_HOLD,1.0,1.0,True,1.0,HOLD,42.88715970397425,51,11898.630111694336,11941.51727139831,Benchmark entered at next-day open with trading costs and then held.
2024-12-30,2024-12-31,234.01814436091854,233.6866912841797,BUY_AND_HOLD,1.0,1.0,True,1.0,HOLD,42.88715970397425,51,11918.021255493164,11960.908415197138,Benchmark entered at next-day open with trading costs and then held.
2024-12-31,2025-01-02,234.8662717490942,233.96939086914062,BUY_AND_HOLD,1.0,1.0,True,1.0,HOLD,42.88715970397425,51,11932.438934326172,11975.326094030146,Benchmark entered at next-day open with trading costs and then held.
2025-01-02,2025-01-03,237.76166503654449,237.1669921875,BUY_AND_HOLD,1.0,1.0,True,1.0,HOLD,42.88715970397425,51,12095.5166015625,12138.403761266474,Benchmark entered at next-day open with trading costs and then held.
2025-01-03,2025-01-06,238.80342344864087,236.0106964111328,BUY_AND_HOLD,1.0,1.0,True,1.0,HOLD,42.88715970397425,51,12036.545516967773,12079.432676671748,Benchmark entered at next-day open with trading costs and then held.
2025-01-06,2025-01-07,237.2747542889821,238.2840576171875,BUY_AND_HOLD,1.0,1.0,True,1.0,HOLD,42.88715970397425,51,12152.486938476562,12195.374098180537,Benchmark entered at next-day open with trading costs and then held.
2025-01-07,2025-01-08,237.8725034781478,238.244873046875,BUY_AND_HOLD,1.0,1.0,True,1.0,HOLD,42.88715970397425,51,12150.488525390625,12193.3756850946,Benchmark entered at next-day open with trading costs and then held.
2025-01-08,2025-01-10,238.2056566354401,235.05035400390625,BUY_AND_HOLD,1.0,1.0,True,1.0,HOLD,42.88715970397425,51,11987.568054199219,12030.455213903193,Benchmark entered at next-day open with trading costs and then held.
2025-01-10,2025-01-13,234.85437423024973,239.30316162109375,BUY_AND_HOLD,1.0,1.0,True,1.0,HOLD,42.88715970397425,51,12204.461242675781,12247.348402379755,Benchmark entered at next-day open with trading costs and then held.
2025-01-13,2025-01-14,237.78432855590725,242.4976806640625,BUY_AND_HOLD,1.0,1.0,True,1.0,HOLD,42.88715970397425,51,12367.381713867188,12410.268873571162,Benchmark entered at next-day open with trading costs and then held.
2025-01-14,2025-01-15,245.36878608055946,247.2796173095703,BUY_AND_HOLD,1.0,1.0,True,1.0,HOLD,42.88715970397425,51,12611.260482788086,12654.14764249206,Benchmark entered at next-day open with trading costs and then held.
2025-01-15,2025-01-16,248.89647733634487,249.1610565185547,BUY_AND_HOLD,1.0,1.0,True,1.0,HOLD,42.88715970397425,51,12707.213882446289,12750.101042150263,Benchmark entered at next-day open with trading costs and then held.
2025-01-16,2025-01-17,249.03365028322543,253.95278930664062,BUY_AND_HOLD,1.0,1.0,True,1.0,HOLD,42.88715970397425,51,12951.592254638672,12994.479414342646,Benchmark entered at next-day open with trading costs and then held.
2025-01-17,2025-01-21,254.84450829070423,257.7450256347656,BUY_AND_HOLD,1.0,1.0,True,1.0,HOLD,42.88715970397425,51,13144.996307373047,13187.883467077021,Benchmark entered at next-day open with trading costs and then held.
2025-01-21,2025-01-22,257.6176299378133,257.558837890625,BUY_AND_HOLD,1.0,1.0,True,1.0,HOLD,42.88715970397425,51,13135.500732421875,13178.38789212585,Benchmark entered at next-day open with trading costs and then held.
2025-01-22,2025-01-23,259.37172176031316,260.6064147949219,BUY_AND_HOLD,1.0,1.0,True,1.0,HOLD,42.88715970397425,51,13290.927154541016,13333.81431424499,Benchmark entered at next-day open with trading costs and then held.
2025-01-23,2025-01-24,258.3917588239568,259.5186462402344,BUY_AND_HOLD,1.0,1.0,True,1.0,HOLD,42.88715970397425,51,13235.450958251953,13278.338117955927,Benchmark entered at next-day open with trading costs and then held.
2025-01-24,2025-01-27,258.86212472863684,260.50836181640625,BUY_AND_HOLD,1.0,1.0,True,1.0,HOLD,42.88715970397425,51,13285.926452636719,13328.813612340693,Benchmark entered at next-day open with trading costs and then held.
2025-01-27,2025-01-28,260.5083417265411,261.7724304199219,BUY_AND_HOLD,1.0,1.0,True,1.0,HOLD,42.88715970397425,51,13350.393951416016,13393.28111111999,Benchmark entered at next-day open with trading costs and then held.
2025-01-28,2025-01-29,261.84104027619514,261.22369384765625,BUY_AND_HOLD,1.0,1.0,True,1.0,HOLD,42.88715970397425,51,13322.408386230469,13365.295545934443,Benchmark entered at next-day open with trading costs and then held.
2025-01-29,2025-01-30,263.2325025931336,262.8405456542969,BUY_AND_HOLD,1.0,1.0,True,1.0,HOLD,42.88715970397425,51,13404.86782836914,13447.754988073115,Benchmark entered at next-day open with trading costs and then held.
2025-01-30,2025-01-31,263.8204737000256,261.9292297363281,BUY_AND_HOLD,1.0,1.0,True,1.0,HOLD,42.88715970397425,51,13358.390716552734,13401.277876256709,Benchmark entered at next-day open with trading costs and then held.
2025-01-31,2025-02-03,256.56911700815533,261.4490661621094,BUY_AND_HOLD,1.0,1.0,True,1.0,HOLD,42.88715970397425,51,13333.902374267578,13376.789533971552,Benchmark entered at next-day open with trading costs and then held.
2025-02-03,2025-02-04,264.4181838673514,262.5563659667969,BUY_AND_HOLD,1.0,1.0,True,1.0,HOLD,42.88715970397425,51,13390.37466430664,13433.261824010615,Benchmark entered at next-day open with trading costs and then held.
2025-02-04,2025-02-05,263.50688948192004,264.996337890625,BUY_AND_HOLD,1.0,1.0,True,1.0,HOLD,42.88715970397425,51,13514.813232421875,13557.70039212585,Benchmark entered at next-day open with trading costs and then held.
2025-02-05,2025-02-06,266.9757945712375,271.33636474609375,BUY_AND_HOLD,1.0,1.0,True,1.0,HOLD,42.88715970397425,51,13838.154602050781,13881.041761754755,Benchmark entered at next-day open with trading costs and then held.
2025-02-06,2025-02-07,271.6988877865912,270.2584228515625,BUY_AND_HOLD,1.0,1.0,True,1.0,HOLD,42.88715970397425,51,13783.179565429688,13826.066725133662,Benchmark entered at next-day open with trading costs and then held.
2025-02-07,2025-02-10,270.6014287866163,265.5941162109375,BUY_AND_HOLD,1.0,1.0,True,1.0,HOLD,42.88715970397425,51,13545.299926757812,13588.187086461787,Benchmark entered at next-day open with trading costs and then held.
2025-02-10,2025-02-11,264.8297489042904,269.4646911621094,BUY_AND_HOLD,1.0,1.0,True,1.0,HOLD,42.88715970397425,51,13742.699249267578,13785.586408971552,Benchmark entered at next-day open with trading costs and then held.
2025-02-11,2025-02-12,268.5729682447906,269.91546630859375,BUY_AND_HOLD,1.0,1.0,True,1.0,HOLD,42.88715970397425,51,13765.688781738281,13808.575941442255,Benchmark entered at next-day open with trading costs and then held.
2025-02-12,2025-02-13,269.964413315259,270.7679443359375,BUY_AND_HOLD,1.0,1.0,True,1.0,HOLD,42.88715970397425,51,13809.165161132812,13852.052320836787,Benchmark entered at next-day open with trading costs and then held.
2025-02-13,2025-02-14,271.79691937350253,271.0325927734375,BUY_AND_HOLD,1.0,1.0,True,1.0,HOLD,42.88715970397425,51,13822.662231445312,13865.549391149287,Benchmark entered at next-day open with trading costs and then held.
2025-02-14,2025-02-18,271.19916641874227,274.3250732421875,BUY_AND_HOLD,1.0,1.0,True,1.0,HOLD,42.88715970397425,51,13990.578735351562,14033.465895055537,Benchmark entered at next-day open with trading costs and then held.
2025-02-18,2025-02-19,272.7866150221738,273.6391296386719,BUY_AND_HOLD,1.0,1.0,True,1.0,HOLD,42.88715970397425,51,13955.595611572266,13998.48277127624,Benchmark entered at next-day open with trading costs and then held.
2025-02-19,2025-02-20,273.0805741668203,261.43927001953125,BUY_AND_HOLD,1.0,1.0,True,1.0,HOLD,42.88715970397425,51,13333.402770996094,13376.289930700068,Benchmark entered at next-day open with trading costs and then held.
2025-02-20,2025-02-21,262.92876408693655,258.93072509765625,BUY_AND_HOLD,1.0,1.0,True,1.0,HOLD,42.88715970397425,51,13205.466979980469,13248.354139684443,Benchmark entered at next-day open with trading costs and then held.
2025-02-21,2025-02-24,260.1555988746685,256.0889892578125,BUY_AND_HOLD,1.0,1.0,True,1.0,HOLD,42.88715970397425,51,13060.538452148438,13103.425611852412,Benchmark entered at next-day open with trading costs and then held.
2025-02-24,2025-02-25,256.9611031816803,252.22813415527344,BUY_AND_HOLD,1.0,1.0,True,1.0,HOLD,42.88715970397425,51,12863.634841918945,12906.52200162292,Benchmark entered at next-day open with trading costs and then held.
2025-02-25,2025-02-26,251.99297149395173,253.59022521972656,BUY_AND_HOLD,1.0,1.0,True,1.0,HOLD,42.88715970397425,51,12933.101486206055,12975.988645910029,Benchmark entered at next-day open with trading costs and then held.
2025-02-26,2025-02-27,254.9522707219969,253.844970703125,BUY_AND_HOLD,1.0,1.0,True,1.0,HOLD,42.88715970397425,51,12946.093505859375,12988.98066556335,Benchmark entered at next-day open with trading costs and then held.
2025-02-27,2025-02-28,255.49126872866591,259.3324890136719,BUY_AND_HOLD,1.0,1.0,True,1.0,HOLD,42.88715970397425,51,13225.956939697266,13268.84409940124,Benchmark entered at next-day open with trading costs and then held.
2025-02-28,2025-03-03,258.69554505646136,255.38345336914062,BUY_AND_HOLD,1.0,1.0,True,1.0,HOLD,42.88715970397425,51,13024.556121826172,13067.443281530146,Benchmark entered at next-day open with trading costs and then held.
2025-03-03,2025-03-04,250.15073427928613,245.2218017578125,BUY_AND_HOLD,1.0,1.0,True,1.0,HOLD,42.88715970397425,51,12506.311889648438,12549.199049352412,Benchmark entered at next-day open with trading costs and then held.
2025-03-04,2025-03-05,246.20171662136084,246.47608947753906,BUY_AND_HOLD,1.0,1.0,True,1.0,HOLD,42.88715970397425,51,12570.280563354492,12613.167723058466,Benchmark entered at next-day open with trading costs and then held.
2025-03-05,2025-03-06,243.12481119110677,241.5863494873047,BUY_AND_HOLD,1.0,1.0,True,1.0,HOLD,42.88715970397425,51,12320.903823852539,12363.790983556513,Benchmark entered at next-day open with trading costs and then held.
2025-03-06,2025-03-07,240.30266509821263,237.4119415283203,BUY_AND_HOLD,1.0,1.0,True,1.0,HOLD,42.88715970397425,51,12108.009017944336,12150.89617764831,Benchmark entered at next-day open with trading costs and then held.
2025-03-07,2025-03-10,231.46391270541537,227.5540771484375,BUY_AND_HOLD,1.0,1.0,True,1.0,HOLD,42.88715970397425,51,11605.257934570312,11648.145094274287,Benchmark entered at next-day open with trading costs and then held.
2025-03-10,2025-03-11,227.09353912743353,224.53598022460938,BUY_AND_HOLD,1.0,1.0,True,1.0,HOLD,42.88715970397425,51,11451.334991455078,11494.222151159052,Benchmark entered at next-day open with trading costs and then held.
2025-03-11,2025-03-12,229.29831783730396,223.3208770751953,BUY_AND_HOLD,1.0,1.0,True,1.0,HOLD,42.88715970397425,51,11389.364730834961,11432.251890538935,Benchmark entered at next-day open with trading costs and then held.
2025-03-12,2025-03-13,224.69274861160986,220.6653289794922,BUY_AND_HOLD,1.0,1.0,True,1.0,HOLD,42.88715970397425,51,11253.931777954102,11296.818937658076,Benchmark entered at next-day open with trading costs and then held.
2025-03-13,2025-03-14,223.53644664227286,227.7696533203125,BUY_AND_HOLD,1.0,1.0,True,1.0,HOLD,42.88715970397425,51,11616.252319335938,11659.139479039912,Benchmark entered at next-day open with trading costs and then held.
2025-03-14,2025-03-17,226.53497583495994,229.22972106933594,BUY_AND_HOLD,1.0,1.0,True,1.0,HOLD,42.88715970397425,51,11690.715774536133,11733.602934240107,Benchmark entered at next-day open with trading costs and then held.
2025-03-17,2025-03-18,229.6118912936414,230.2488250732422,BUY_AND_HOLD,1.0,1.0,True,1.0,HOLD,42.88715970397425,51,11742.690078735352,11785.577238439326,Benchmark entered at next-day open with trading costs and then held.
2025-03-18,2025-03-19,231.00335075055796,234.30563354492188,BUY_AND_HOLD,1.0,1.0,True,1.0,HOLD,42.88715970397425,51,11949.587310791016,11992.47447049499,Benchmark entered at next-day open with trading costs and then held.
2025-03-19,2025-03-20,231.80687167408394,234.2076416015625,BUY_AND_HOLD,1.0,1.0,True,1.0,HOLD,42.88715970397425,51,11944.589721679688,11987.476881383662,Benchmark entered at next-day open with trading costs and then held.
2025-03-20,2025-03-21,233.03174101977692,236.77499389648438,BUY_AND_HOLD,1.0,1.0,True,1.0,HOLD,42.88715970397425,51,12075.524688720703,12118.411848424677,Benchmark entered at next-day open with trading costs and then held.
2025-03-21,2025-03-24,240.54765810241156,243.07582092285156,BUY_AND_HOLD,1.0,1.0,True,1.0,HOLD,42.88715970397425,51,12396.86686706543,12439.754026769404,Benchmark entered at next-day open with trading costs and then held.
2025-03-24,2025-03-25,244.30068326517667,246.08412170410156,BUY_AND_HOLD,1.0,1.0,True,1.0,HOLD,42.88715970397425,51,12550.29020690918,12593.177366613154,Benchmark entered at next-day open with trading costs and then held.
2025-03-25,2025-03-26,247.52459140779072,245.9861297607422,BUY_AND_HOLD,1.0,1.0,True,1.0,HOLD,42.88715970397425,51,12545.292617797852,12588.179777501826,Benchmark entered at next-day open with trading costs and then held.
2025-03-26,2025-03-27,244.51627067852738,243.1345977783203,BUY_AND_HOLD,1.0,1.0,True,1.0,HOLD,42.88715970397425,51,12399.864486694336,12442.75164639831,Benchmark entered at next-day open with trading costs and then held.
2025-03-27,2025-03-28,241.97832221404934,237.9705047607422,BUY_AND_HOLD,1.0,1.0,True,1.0,HOLD,42.88715970397425,51,12136.495742797852,12179.382902501826,Benchmark entered at next-day open with trading costs and then held.
2025-03-28,2025-03-31,234.59962314020567,240.37127685546875,BUY_AND_HOLD,1.0,1.0,True,1.0,HOLD,42.88715970397425,51,12258.935119628906,12301.82227933288,Benchmark entered at next-day open with trading costs and then held.
2025-03-31,2025-04-01,237.74510920532492,238.76422119140625,BUY_AND_HOLD,1.0,1.0,True,1.0,HOLD,42.88715970397425,51,12176.975280761719,12219.862440465693,Benchmark entered at next-day open with trading costs and then held.
2025-04-01,2025-04-02,236.74561869740594,240.88082885742188,BUY_AND_HOLD,1.0,1.0,True,1.0,HOLD,42.88715970397425,51,12284.922271728516,12327.80943143249,Benchmark entered at next-day open with trading costs and then held.
2025-04-02,2025-04-03,229.56290134081743,224.0950164794922,BUY_AND_HOLD,1.0,1.0,True,1.0,HOLD,42.88715970397425,51,11428.845840454102,11471.733000158076,Benchmark entered at next-day open with trading costs and then held.
2025-04-03,2025-04-04,212.2834044818624,207.32411193847656,BUY_AND_HOLD,1.0,1.0,True,1.0,HOLD,42.88715970397425,51,10573.529708862305,10616.416868566279,Benchmark entered at next-day open with trading costs and then held.
2025-04-04,2025-04-07,202.87751892186455,211.42564392089844,BUY_AND_HOLD,1.0,1.0,True,1.0,HOLD,42.88715970397425,51,10782.70783996582,10825.594999669795,Benchmark entered at next-day open with trading costs and then held.
2025-04-07,2025-04-08,220.37798698735673,213.8214569091797,BUY_AND_HOLD,1.0,1.0,True,1.0,HOLD,42.88715970397425,51,10904.894302368164,10947.781462072138,Benchmark entered at next-day open with trading costs and then held.
2025-04-08,2025-04-09,209.51290511747,231.0458984375,BUY_AND_HOLD,1.0,1.0,True,1.0,HOLD,42.88715970397425,51,11783.3408203125,11826.227980016474,Benchmark entered at next-day open with trading costs and then held.
2025-04-09,2025-04-10,226.76690105221883,223.9175262451172,BUY_AND_HOLD,1.0,1.0,True,1.0,HOLD,42.88715970397425,51,11419.793838500977,11462.68099820495,Benchmark entered at next-day open with trading costs and then held.
2025-04-10,2025-04-11,223.12876931722607,232.87974548339844,BUY_AND_HOLD,1.0,1.0,True,1.0,HOLD,42.88715970397425,51,11876.86701965332,11919.754179357295,Benchmark entered at next-day open with trading costs and then held.
2025-04-11,2025-04-14,233.76711210699779,231.42056274414062,BUY_AND_HOLD,1.0,1.0,True,1.0,HOLD,42.88715970397425,51,11802.448699951172,11845.335859655146,Benchmark entered at next-day open with trading costs and then held.
2025-04-14,2025-04-15,232.7811727531539,229.85292053222656,BUY_AND_HOLD,1.0,1.0,True,1.0,HOLD,42.88715970397425,51,11722.498947143555,11765.386106847529,Benchmark entered at next-day open with trading costs and then held.
2025-04-15,2025-04-16,228.73880396905287,226.3824005126953,BUY_AND_HOLD,1.0,1.0,True,1.0,HOLD,42.88715970397425,51,11545.502426147461,11588.389585851435,Benchmark entered at next-day open with trading costs and then held.
2025-04-16,2025-04-17,227.5556737150443,228.69937133789062,BUY_AND_HOLD,1.0,1.0,True,1.0,HOLD,42.88715970397425,51,11663.667938232422,11706.555097936396,Benchmark entered at next-day open with trading costs and then held.
2025-04-17,2025-04-21,227.38806426261334,225.7711181640625,BUY_AND_HOLD,1.0,1.0,True,1.0,HOLD,42.88715970397425,51,11514.327026367188,11557.214186071162,Benchmark entered at next-day open with trading costs and then held.
2025-04-21,2025-04-22,228.71908031334866,232.27833557128906,BUY_AND_HOLD,1.0,1.0,True,1.0,HOLD,42.88715970397425,51,11846.195114135742,11889.082273839716,Benchmark entered at next-day open with trading costs and then held.
2025-04-22,2025-04-23,236.84324673802962,237.4939727783203,BUY_AND_HOLD,1.0,1.0,True,1.0,HOLD,42.88715970397425,51,12112.192611694336,12155.07977139831,Benchmark entered at next-day open with trading costs and then held.
2025-04-23,2025-04-24,236.36999583866177,241.20111083984375,BUY_AND_HOLD,1.0,1.0,True,1.0,HOLD,42.88715970397425,51,12301.256652832031,12344.143812536005,Benchmark entered at next-day open with trading costs and then held.
2025-04-24,2025-04-25,241.21097798902758,240.12644958496094,BUY_AND_HOLD,1.0,1.0,True,1.0,HOLD,42.88715970397425,51,12246.448928833008,12289.336088536982,Benchmark entered at next-day open with trading costs and then held.
2025-04-25,2025-04-28,241.12223125075698,239.8010711669922,BUY_AND_HOLD,1.0,1.0,True,1.0,HOLD,42.88715970397425,51,12229.854629516602,12272.741789220576,Benchmark entered at next-day open with trading costs and then held.
2025-04-28,2025-04-29,238.78554686367198,241.18138122558594,BUY_AND_HOLD,1.0,1.0,True,1.0,HOLD,42.88715970397425,51,12300.250442504883,12343.137602208857,Benchmark entered at next-day open with trading costs and then held.
2025-04-29,2025-04-30,237.8193268984978,241.18138122558594,BUY_AND_HOLD,1.0,1.0,True,1.0,HOLD,42.88715970397425,51,12300.250442504883,12343.137602208857,Benchmark entered at next-day open with trading costs and then held.
2025-04-30,2025-05-01,239.42642201137784,243.41949462890625,BUY_AND_HOLD,1.0,1.0,True,1.0,HOLD,42.88715970397425,51,12414.394226074219,12457.281385778193,Benchmark entered at next-day open with trading costs and then held.
2025-05-01,2025-05-02,247.7280660793759,248.9604949951172,BUY_AND_HOLD,1.0,1.0,True,1.0,HOLD,42.88715970397425,51,12696.985244750977,12739.87240445495,Benchmark entered at next-day open with trading costs and then held.
2025-05-02,2025-05-05,247.64917462464473,249.00978088378906,BUY_AND_HOLD,1.0,1.0,True,1.0,HOLD,42.88715970397425,51,12699.498825073242,12742.385984777216,Benchmark entered at next-day open with trading costs and then held.
2025-05-05,2025-05-06,246.48576466704802,245.74630737304688,BUY_AND_HOLD,1.0,1.0,True,1.0,HOLD,42.88715970397425,51,12533.06167602539,12575.948835729365,Benchmark entered at next-day open with trading costs and then held.
2025-05-06,2025-05-07,246.33787880460858,245.88433837890625,BUY_AND_HOLD,1.0,1.0,True,1.0,HOLD,42.88715970397425,51,12540.101257324219,12582.988417028193,Benchmark entered at next-day open with trading costs and then held.
2025-05-07,2025-05-08,248.03369667206766,249.906982421875,BUY_AND_HOLD,1.0,1.0,True,1.0,HOLD,42.88715970397425,51,12745.256103515625,12788.1432632196,Benchmark entered at next-day open with trading costs and then held.
2025-05-08,2025-05-09,250.92252890731987,249.52249145507812,BUY_AND_HOLD,1.0,1.0,True,1.0,HOLD,42.88715970397425,51,12725.647064208984,12768.534223912959,Benchmark entered at next-day open with trading costs and then held.
2025-05-09,2025-05-12,259.20441383845855,256.39447021484375,BUY_AND_HOLD,1.0,1.0,True,1.0,HOLD,42.88715970397425,51,13076.117980957031,13119.005140661005,Benchmark entered at next-day open with trading costs and then held.
2025-05-12,2025-05-13,257.3607489039017,259.31292724609375,BUY_AND_HOLD,1.0,1.0,True,1.0,HOLD,42.88715970397425,51,13224.959289550781,13267.846449254755,Benchmark entered at next-day open with trading costs and then held.
2025-05-13,2025-05-14,259.30304054504273,261.90594482421875,BUY_AND_HOLD,1.0,1.0,True,1.0,HOLD,42.88715970397425,51,13357.203186035156,13400.09034573913,Benchmark entered at next-day open with trading costs and then held.
2025-05-14,2025-05-15,263.217209377267,263.7298889160156,BUY_AND_HOLD,1.0,1.0,True,1.0,HOLD,42.88715970397425,51,13450.224334716797,13493.111494420771,Benchmark entered at next-day open with trading costs and then held.
2025-05-15,2025-05-16,263.7397655019056,263.7989196777344,BUY_AND_HOLD,1.0,1.0,True,1.0,HOLD,42.88715970397425,51,13453.744903564453,13496.632063268427,Benchmark entered at next-day open with trading costs and then held.
2025-05-16,2025-05-19,261.817181246086,261.1566162109375,BUY_AND_HOLD,1.0,1.0,True,1.0,HOLD,42.88715970397425,51,13318.987426757812,13361.874586461787,Benchmark entered at next-day open with trading costs and then held.
2025-05-19,2025-05-20,258.8297593604445,261.9453430175781,BUY_AND_HOLD,1.0,1.0,True,1.0,HOLD,42.88715970397425,51,13359.212493896484,13402.099653600459,Benchmark entered at next-day open with trading costs and then held.
2025-05-20,2025-05-21,260.6340439477094,257.3705749511719,BUY_AND_HOLD,1.0,1.0,True,1.0,HOLD,42.88715970397425,51,13125.899322509766,13168.78648221374,Benchmark entered at next-day open with trading costs and then held.
2025-05-21,2025-05-22,255.79307750804895,257.00579833984375,BUY_AND_HOLD,1.0,1.0,True,1.0,HOLD,42.88715970397425,51,13107.295715332031,13150.182875036005,Benchmark entered at next-day open with trading costs and then held.
2025-05-22,2025-05-23,253.20005483078515,257.04522705078125,BUY_AND_HOLD,1.0,1.0,True,1.0,HOLD,42.88715970397425,51,13109.306579589844,13152.193739293818,Benchmark entered at next-day open with trading costs and then held.
2025-05-23,2025-05-27,258.35653699260183,261.56085205078125,BUY_AND_HOLD,1.0,1.0,True,1.0,HOLD,42.88715970397425,51,13339.603454589844,13382.490614293818,Benchmark entered at next-day open with trading costs and then held.
2025-05-27,2025-05-28,262.49747628554394,259.7861328125,BUY_AND_HOLD,1.0,1.0,True,1.0,HOLD,42.88715970397425,51,13249.0927734375,13291.979933141474,Benchmark entered at next-day open with trading costs and then held.
2025-05-28,2025-05-29,261.0777263969251,260.6537780761719,BUY_AND_HOLD,1.0,1.0,True,1.0,HOLD,42.88715970397425,51,13293.342681884766,13336.22984158874,Benchmark entered at next-day open with trading costs and then held.
2025-05-29,2025-05-30,259.7467447472313,260.28900146484375,BUY_AND_HOLD,1.0,1.0,True,1.0,HOLD,42.88715970397425,51,13274.739074707031,13317.626234411005,Benchmark entered at next-day open with trading costs and then held.
2025-05-30,2025-06-02,259.3227361836595,260.939697265625,BUY_AND_HOLD,1.0,1.0,True,1.0,HOLD,42.88715970397425,51,13307.924560546875,13350.81172025085,Benchmark entered at next-day open with trading costs and then held.
2025-06-02,2025-06-03,260.02276495317653,262.52703857421875,BUY_AND_HOLD,1.0,1.0,True,1.0,HOLD,42.88715970397425,51,13388.878967285156,13431.76612698913,Benchmark entered at next-day open with trading costs and then held.
2025-06-03,2025-06-04,262.182005216077,260.5058898925781,BUY_AND_HOLD,1.0,1.0,True,1.0,HOLD,42.88715970397425,51,13285.800384521484,13328.687544225459,Benchmark entered at next-day open with trading costs and then held.
2025-06-04,2025-06-05,261.0185820125706,258.267822265625,BUY_AND_HOLD,1.0,1.0,True,1.0,HOLD,42.88715970397425,51,13171.658935546875,13214.54609525085,Benchmark entered at next-day open with trading costs and then held.
2025-06-05,2025-06-06,260.6142847160679,261.99462890625,BUY_AND_HOLD,1.0,1.0,True,1.0,HOLD,42.88715970397425,51,13361.72607421875,13404.613233922724,Benchmark entered at next-day open with trading costs and then held.
2025-06-06,2025-06-09,262.26085974590114,262.9904479980469,BUY_AND_HOLD,1.0,1.0,True,1.0,HOLD,42.88715970397425,51,13412.51284790039,13455.400007604365,Benchmark entered at next-day open with trading costs and then held.
2025-06-09,2025-06-10,262.14254399250694,264.8243103027344,BUY_AND_HOLD,1.0,1.0,True,1.0,HOLD,42.88715970397425,51,13506.039825439453,13548.926985143427,Benchmark entered at next-day open with trading costs and then held.
2025-06-10,2025-06-11,264.9031944101953,264.3806457519531,BUY_AND_HOLD,1.0,1.0,True,1.0,HOLD,42.88715970397425,51,13483.41293334961,13526.300093053584,Benchmark entered at next-day open with trading costs and then held.
2025-06-11,2025-06-12,263.108754096244,264.4693603515625,BUY_AND_HOLD,1.0,1.0,True,1.0,HOLD,42.88715970397425,51,13487.937377929688,13530.824537633662,Benchmark entered at next-day open with trading costs and then held.
2025-06-12,2025-06-13,261.3537943064321,261.22564697265625,BUY_AND_HOLD,1.0,1.0,True,1.0,HOLD,42.88715970397425,51,13322.507995605469,13365.395155309443,Benchmark entered at next-day open with trading costs and then held.
2025-06-13,2025-06-16,263.2467856983216,266.5595397949219,BUY_AND_HOLD,1.0,1.0,True,1.0,HOLD,42.88715970397425,51,13594.536529541016,13637.42368924499,Benchmark entered at next-day open with trading costs and then held.
2025-06-16,2025-06-17,264.4003851091389,265.73138427734375,BUY_AND_HOLD,1.0,1.0,True,1.0,HOLD,42.88715970397425,51,13552.300598144531,13595.187757848505,Benchmark entered at next-day open with trading costs and then held.
2025-06-17,2025-06-18,266.20462172672063,270.10894775390625,BUY_AND_HOLD,1.0,1.0,True,1.0,HOLD,42.88715970397425,51,13775.556335449219,13818.443495153193,Benchmark entered at next-day open with trading costs and then held.
2025-06-18,2025-06-20,271.6963637187332,271.1343688964844,BUY_AND_HOLD,1.0,1.0,True,1.0,HOLD,42.88715970397425,51,13827.852813720703,13870.739973424677,Benchmark entered at next-day open with trading costs and then held.
2025-06-20,2025-06-23,271.1934990823813,274.3583679199219,BUY_AND_HOLD,1.0,1.0,True,1.0,HOLD,42.88715970397425,51,13992.276763916016,14035.16392361999,Benchmark entered at next-day open with trading costs and then held.
2025-06-23,2025-06-24,276.2710772548705,277.30633544921875,BUY_AND_HOLD,1.0,1.0,True,1.0,HOLD,42.88715970397425,51,14142.623107910156,14185.51026761413,Benchmark entered at next-day open with trading costs and then held.
2025-06-24,2025-06-25,277.5429439890813,280.06695556640625,BUY_AND_HOLD,1.0,1.0,True,1.0,HOLD,42.88715970397425,51,14283.414733886719,14326.301893590693,Benchmark entered at next-day open with trading costs and then held.
2025-06-25,2025-06-26,280.6980130310247,284.6910705566406,BUY_AND_HOLD,1.0,1.0,True,1.0,HOLD,42.88715970397425,51,14519.244598388672,14562.131758092646,Benchmark entered at next-day open with trading costs and then held.
2025-06-26,2025-06-27,281.7924131203027,283.0741271972656,BUY_AND_HOLD,1.0,1.0,True,1.0,HOLD,42.88715970397425,51,14436.780487060547,14479.667646764521,Benchmark entered at next-day open with trading costs and then held.
2025-06-27,2025-06-30,286.3178803397518,285.83477783203125,BUY_AND_HOLD,1.0,1.0,True,1.0,HOLD,42.88715970397425,51,14577.573669433594,14620.460829137568,Benchmark entered at next-day open with trading costs and then held.
2025-06-30,2025-07-01,286.8010223412002,286.3277587890625,BUY_AND_HOLD,1.0,1.0,True,1.0,HOLD,42.88715970397425,51,14602.715698242188,14645.602857946162,Benchmark entered at next-day open with trading costs and then held.
2025-07-01,2025-07-02,287.93486241282807,287.8954162597656,BUY_AND_HOLD,1.0,1.0,True,1.0,HOLD,42.88715970397425,51,14682.666229248047,14725.553388952021,Benchmark entered at next-day open with trading costs and then held.
2025-07-02,2025-07-03,289.43094323142554,293.2451171875,BUY_AND_HOLD,1.0,1.0,True,1.0,HOLD,42.88715970397425,51,14955.5009765625,14998.388136266474,Benchmark entered at next-day open with trading costs and then held.
2025-07-03,2025-07-07,292.50209620860613,289.25262451171875,BUY_AND_HOLD,1.0,1.0,True,1.0,HOLD,42.88715970397425,51,14751.883850097656,14794.77100980163,Benchmark entered at next-day open with trading costs and then held.
2025-07-07,2025-07-08,286.5777506799395,280.1481628417969,BUY_AND_HOLD,1.0,1.0,True,1.0,HOLD,42.88715970397425,51,14287.55630493164,14330.443464635615,Benchmark entered at next-day open with trading costs and then held.
2025-07-08,2025-07-09,284.5072025788075,280.5246276855469,BUY_AND_HOLD,1.0,1.0,True,1.0,HOLD,42.88715970397425,51,14306.75601196289,14349.643171666865,Benchmark entered at next-day open with trading costs and then held.
2025-07-09,2025-07-10,280.3661434799506,285.5078430175781,BUY_AND_HOLD,1.0,1.0,True,1.0,HOLD,42.88715970397425,51,14560.899993896484,14603.787153600459,Benchmark entered at next-day open with trading costs and then held.
2025-07-10,2025-07-11,282.86263015148194,284.1901550292969,BUY_AND_HOLD,1.0,1.0,True,1.0,HOLD,42.88715970397425,51,14493.69790649414,14536.585066198115,Benchmark entered at next-day open with trading costs and then held.
2025-07-11,2025-07-14,284.39825755240173,286.0130920410156,BUY_AND_HOLD,1.0,1.0,True,1.0,HOLD,42.88715970397425,51,14586.667694091797,14629.554853795771,Benchmark entered at next-day open with trading costs and then held.
2025-07-14,2025-07-15,285.3196042033426,283.8830871582031,BUY_AND_HOLD,1.0,1.0,True,1.0,HOLD,42.88715970397425,51,14478.03744506836,14520.924604772334,Benchmark entered at next-day open with trading costs and then held.
2025-07-15,2025-07-16,285.7158562387447,283.1598815917969,BUY_AND_HOLD,1.0,1.0,True,1.0,HOLD,42.88715970397425,51,14441.15396118164,14484.041120885615,Benchmark entered at next-day open with trading costs and then held.
2025-07-16,2025-07-17,280.8020357673763,287.201904296875,BUY_AND_HOLD,1.0,1.0,True,1.0,HOLD,42.88715970397425,51,14647.297119140625,14690.1842788446,Benchmark entered at next-day open with trading costs and then held.
2025-07-17,2025-07-18,286.825430293332,288.55914306640625,BUY_AND_HOLD,1.0,1.0,True,1.0,HOLD,42.88715970397425,51,14716.516296386719,14759.403456090693,Benchmark entered at next-day open with trading costs and then held.
2025-07-18,2025-07-21,288.29168247329045,288.261962890625,BUY_AND_HOLD,1.0,1.0,True,1.0,HOLD,42.88715970397425,51,14701.360107421875,14744.24726712585,Benchmark entered at next-day open with trading costs and then held.
2025-07-21,2025-07-22,288.7870071326712,288.7176513671875,BUY_AND_HOLD,1.0,1.0,True,1.0,HOLD,42.88715970397425,51,14724.600219726562,14767.487379430537,Benchmark entered at next-day open with trading costs and then held.
2025-07-22,2025-07-23,290.11454735759395,293.9980773925781,BUY_AND_HOLD,1.0,1.0,True,1.0,HOLD,42.88715970397425,51,14993.901947021484,15036.789106725459,Benchmark entered at next-day open with trading costs and then held.
2025-07-23,2025-07-24,294.6519062776982,293.78997802734375,BUY_AND_HOLD,1.0,1.0,True,1.0,HOLD,42.88715970397425,51,14983.288879394531,15026.176039098505,Benchmark entered at next-day open with trading costs and then held.
2025-07-24,2025-07-25,293.9386151952536,295.8407287597656,BUY_AND_HOLD,1.0,1.0,True,1.0,HOLD,42.88715970397425,51,15087.877166748047,15130.764326452021,Benchmark entered at next-day open with trading costs and then held.
2025-07-25,2025-07-28,294.8896814285751,295.50390625,BUY_AND_HOLD,1.0,1.0,True,1.0,HOLD,42.88715970397425,51,15070.69921875,15113.586378453974,Benchmark entered at next-day open with trading costs and then held.
2025-07-28,2025-07-29,297.2079252413877,294.2754821777344,BUY_AND_HOLD,1.0,1.0,True,1.0,HOLD,42.88715970397425,51,15008.049591064453,15050.936750768427,Benchmark entered at next-day open with trading costs and then held.
2025-07-29,2025-07-30,294.65191611543503,296.8413391113281,BUY_AND_HOLD,1.0,1.0,True,1.0,HOLD,42.88715970397425,51,15138.908294677734,15181.795454381709,Benchmark entered at next-day open with trading costs and then held.
2025-07-30,2025-07-31,296.3559134765009,293.4828796386719,BUY_AND_HOLD,1.0,1.0,True,1.0,HOLD,42.88715970397425,51,14967.626861572266,15010.51402127624,Benchmark entered at next-day open with trading costs and then held.
2025-07-31,2025-08-01,287.6972620199026,286.6768493652344,BUY_AND_HOLD,1.0,1.0,True,1.0,HOLD,42.88715970397425,51,14620.519317626953,14663.406477330927,Benchmark entered at next-day open with trading costs and then held.
2025-08-01,2025-08-04,287.5585597880286,291.5213317871094,BUY_AND_HOLD,1.0,1.0,True,1.0,HOLD,42.88715970397425,51,14867.587921142578,14910.475080846552,Benchmark entered at next-day open with trading costs and then held.
2025-08-04,2025-08-05,291.9473110106125,288.658203125,BUY_AND_HOLD,1.0,1.0,True,1.0,HOLD,42.88715970397425,51,14721.568359375,14764.455519078974,Benchmark entered at next-day open with trading costs and then held.
2025-08-05,2025-08-06,289.5795679968632,288.638427734375,BUY_AND_HOLD,1.0,1.0,True,1.0,HOLD,42.88715970397425,51,14720.559814453125,14763.4469741571,Benchmark entered at next-day open with trading costs and then held.
2025-08-06,2025-08-07,290.21362859909465,284.26947021484375,BUY_AND_HOLD,1.0,1.0,True,1.0,HOLD,42.88715970397425,51,14497.742980957031,14540.630140661005,Benchmark entered at next-day open with trading costs and then held.
2025-08-07,2025-08-08,286.2904634268994,286.072509765625,BUY_AND_HOLD,1.0,1.0,True,1.0,HOLD,42.88715970397425,51,14589.697998046875,14632.58515775085,Benchmark entered at next-day open with trading costs and then held.
2025-08-08,2025-08-11,286.70653676779995,286.86505126953125,BUY_AND_HOLD,1.0,1.0,True,1.0,HOLD,42.88715970397425,51,14630.117614746094,14673.004774450068,Benchmark entered at next-day open with trading costs and then held.
2025-08-11,2025-08-12,288.78700908878795,290.12445068359375,BUY_AND_HOLD,1.0,1.0,True,1.0,HOLD,42.88715970397425,51,14796.346984863281,14839.234144567255,Benchmark entered at next-day open with trading costs and then held.
2025-08-12,2025-08-13,291.21423332900423,287.8260498046875,BUY_AND_HOLD,1.0,1.0,True,1.0,HOLD,42.88715970397425,51,14679.128540039062,14722.015699743037,Benchmark entered at next-day open with trading costs and then held.
2025-08-13,2025-08-14,287.8755435263192,291.4222412109375,BUY_AND_HOLD,1.0,1.0,True,1.0,HOLD,42.88715970397425,51,14862.534301757812,14905.421461461787,Benchmark entered at next-day open with trading costs and then held.
2025-08-14,2025-08-15,292.0959281808534,287.7864074707031,BUY_AND_HOLD,1.0,1.0,True,1.0,HOLD,42.88715970397425,51,14677.10678100586,14719.993940709834,Benchmark entered at next-day open with trading costs and then held.
2025-08-15,2025-08-18,287.30098279519575,288.8167419433594,BUY_AND_HOLD,1.0,1.0,True,1.0,HOLD,42.88715970397425,51,14729.653839111328,14772.540998815302,Benchmark entered at next-day open with trading costs and then held.
2025-08-18,2025-08-19,288.12323486532705,287.954833984375,BUY_AND_HOLD,1.0,1.0,True,1.0,HOLD,42.88715970397425,51,14685.696533203125,14728.5836929071,Benchmark entered at next-day open with trading costs and then held.
2025-08-19,2025-08-20,288.1034577259254,289.5201416015625,BUY_AND_HOLD,1.0,1.0,True,1.0,HOLD,42.88715970397425,51,14765.527221679688,14808.414381383662,Benchmark entered at next-day open with trading costs and then held.
2025-08-20,2025-08-21,289.2229206266122,288.7572937011719,BUY_AND_HOLD,1.0,1.0,True,1.0,HOLD,42.88715970397425,51,14726.621978759766,14769.50913846374,Benchmark entered at next-day open with trading costs and then held.
2025-08-21,2025-08-22,290.4711947382056,293.4828796386719,BUY_AND_HOLD,1.0,1.0,True,1.0,HOLD,42.88715970397425,51,14967.626861572266,15010.51402127624,Benchmark entered at next-day open with trading costs and then held.
2025-08-22,2025-08-25,293.4828900064588,292.1553649902344,BUY_AND_HOLD,1.0,1.0,True,1.0,HOLD,42.88715970397425,51,14899.923614501953,14942.810774205927,Benchmark entered at next-day open with trading costs and then held.
2025-08-25,2025-08-26,291.42226929827126,295.7912292480469,BUY_AND_HOLD,1.0,1.0,True,1.0,HOLD,42.88715970397425,51,15085.35269165039,15128.239851354365,Benchmark entered at next-day open with trading costs and then held.
2025-08-26,2025-08-27,294.48349281779485,296.4945983886719,BUY_AND_HOLD,1.0,1.0,True,1.0,HOLD,42.88715970397425,51,15121.224517822266,15164.11167752624,Benchmark entered at next-day open with trading costs and then held.
2025-08-27,2025-08-28,297.2277289724018,298.2679748535156,BUY_AND_HOLD,1.0,1.0,True,1.0,HOLD,42.88715970397425,51,15211.666717529297,15254.553877233271,Benchmark entered at next-day open with trading costs and then held.
2025-08-28,2025-08-29,299.228909855917,298.61468505859375,BUY_AND_HOLD,1.0,1.0,True,1.0,HOLD,42.88715970397425,51,15229.348937988281,15272.236097692255,Benchmark entered at next-day open with trading costs and then held.
2025-08-29,2025-09-02,297.4654912302876,296.91070556640625,BUY_AND_HOLD,1.0,1.0,True,1.0,HOLD,42.88715970397425,51,15142.445983886719,15185.333143590693,Benchmark entered at next-day open with trading costs and then held.
2025-09-02,2025-09-03,297.77260531660534,296.72247314453125,BUY_AND_HOLD,1.0,1.0,True,1.0,HOLD,42.88715970397425,51,15132.846130371094,15175.733290075068,Benchmark entered at next-day open with trading costs and then held.
2025-09-03,2025-09-04,297.2079158871201,300.99237060546875,BUY_AND_HOLD,1.0,1.0,True,1.0,HOLD,42.88715970397425,51,15350.610900878906,15393.49806058288,Benchmark entered at next-day open with trading costs and then held.
2025-09-04,2025-09-05,300.82391058861464,291.64019775390625,BUY_AND_HOLD,1.0,1.0,True,1.0,HOLD,42.88715970397425,51,14873.650085449219,14916.537245153193,Benchmark entered at next-day open with trading costs and then held.
2025-09-05,2025-09-08,292.1454512845812,290.1838684082031,BUY_AND_HOLD,1.0,1.0,True,1.0,HOLD,42.88715970397425,51,14799.37728881836,14842.264448522334,Benchmark entered at next-day open with trading costs and then held.
2025-09-08,2025-09-09,289.8767732101451,295.0779113769531,BUY_AND_HOLD,1.0,1.0,True,1.0,HOLD,42.88715970397425,51,15048.97348022461,15091.860639928584,Benchmark entered at next-day open with trading costs and then held.
2025-09-09,2025-09-10,293.93863182647567,297.7428894042969,BUY_AND_HOLD,1.0,1.0,True,1.0,HOLD,42.88715970397425,51,15184.88735961914,15227.774519323115,Benchmark entered at next-day open with trading costs and then held.
2025-09-10,2025-09-11,298.43635491424595,302.7161560058594,BUY_AND_HOLD,1.0,1.0,True,1.0,HOLD,42.88715970397425,51,15438.523956298828,15481.411116002802,Benchmark entered at next-day open with trading costs and then held.
2025-09-11,2025-09-12,302.1613616302637,304.0535888671875,BUY_AND_HOLD,1.0,1.0,True,1.0,HOLD,42.88715970397425,51,15506.733032226562,15549.620191930537,Benchmark entered at next-day open with trading costs and then held.
2025-09-12,2025-09-15,304.31117542875756,306.0250549316406,BUY_AND_HOLD,1.0,1.0,True,1.0,HOLD,42.88715970397425,51,15607.277801513672,15650.164961217646,Benchmark entered at next-day open with trading costs and then held.
2025-09-15,2025-09-16,307.11483685892506,306.3123779296875,BUY_AND_HOLD,1.0,1.0,True,1.0,HOLD,42.88715970397425,51,15621.931274414062,15664.818434118037,Benchmark entered at next-day open with trading costs and then held.
2025-09-16,2025-09-17,307.50121329837117,308.8485412597656,BUY_AND_HOLD,1.0,1.0,True,1.0,HOLD,42.88715970397425,51,15751.275604248047,15794.162763952021,Benchmark entered at next-day open with trading costs and then held.
2025-09-17,2025-09-18,308.8881884357977,310.3147888183594,BUY_AND_HOLD,1.0,1.0,True,1.0,HOLD,42.88715970397425,51,15826.054229736328,15868.941389440302,Benchmark entered at next-day open with trading costs and then held.
2025-09-18,2025-09-19,310.6813313111796,311.850341796875,BUY_AND_HOLD,1.0,1.0,True,1.0,HOLD,42.88715970397425,51,15904.367431640625,15947.2545913446,Benchmark entered at next-day open with trading costs and then held.
2025-09-19,2025-09-22,306.9166908790444,309.5321350097656,BUY_AND_HOLD,1.0,1.0,True,1.0,HOLD,42.88715970397425,51,15786.138885498047,15829.026045202021,Benchmark entered at next-day open with trading costs and then held.
2025-09-22,2025-09-23,308.9178945679837,309.8293151855469,BUY_AND_HOLD,1.0,1.0,True,1.0,HOLD,42.88715970397425,51,15801.29507446289,15844.182234166865,Benchmark entered at next-day open with trading costs and then held.
2025-09-23,2025-09-24,311.12713244988527,310.5030212402344,BUY_AND_HOLD,1.0,1.0,True,1.0,HOLD,42.88715970397425,51,15835.654083251953,15878.541242955927,Benchmark entered at next-day open with trading costs and then held.
2025-09-24,2025-09-25,311.1964927670822,310.5327453613281,BUY_AND_HOLD,1.0,1.0,True,1.0,HOLD,42.88715970397425,51,15837.170013427734,15880.057173131709,Benchmark entered at next-day open with trading costs and then held.
2025-09-25,2025-09-26,311.96923117025176,313.1184387207031,BUY_AND_HOLD,1.0,1.0,True,1.0,HOLD,42.88715970397425,51,15969.04037475586,16011.927534459834,Benchmark entered at next-day open with trading costs and then held.
2025-09-26,2025-09-29,314.1091367340854,312.75189208984375,BUY_AND_HOLD,1.0,1.0,True,1.0,HOLD,42.88715970397425,51,15950.346496582031,15993.233656286005,Benchmark entered at next-day open with trading costs and then held.
2025-09-29,2025-09-30,313.3066687483855,312.4942932128906,BUY_AND_HOLD,1.0,1.0,True,1.0,HOLD,42.88715970397425,51,15937.208953857422,15980.096113561396,Benchmark entered at next-day open with trading costs and then held.
2025-09-30,2025-10-01,311.0478755707353,307.8182067871094,BUY_AND_HOLD,1.0,1.0,True,1.0,HOLD,42.88715970397425,51,15698.728546142578,15741.615705846552,Benchmark entered at next-day open with trading costs and then held.
2025-10-01,2025-10-02,307.11483202977473,304.6876220703125,BUY_AND_HOLD,1.0,1.0,True,1.0,HOLD,42.88715970397425,51,15539.068725585938,15581.955885289912,Benchmark entered at next-day open with trading costs and then held.
2025-10-02,2025-10-03,305.63868886394835,307.14453125,BUY_AND_HOLD,1.0,1.0,True,1.0,HOLD,42.88715970397425,51,15664.37109375,15707.258253453974,Benchmark entered at next-day open with trading costs and then held.
2025-10-03,2025-10-06,308.78713549615594,307.7916259765625,BUY_AND_HOLD,1.0,1.0,True,1.0,HOLD,42.88715970397425,51,15697.372924804688,15740.260084508662,Benchmark entered at next-day open with trading costs and then held.
2025-10-06,2025-10-07,307.96086849994276,306.3083190917969,BUY_AND_HOLD,1.0,1.0,True,1.0,HOLD,42.88715970397425,51,15621.72427368164,15664.611433385615,Benchmark entered at next-day open with trading costs and then held.
2025-10-07,2025-10-08,306.82598699255016,302.6647644042969,BUY_AND_HOLD,1.0,1.0,True,1.0,HOLD,42.88715970397425,51,15435.90298461914,15478.790144323115,Benchmark entered at next-day open with trading costs and then held.
2025-10-08,2025-10-09,303.68016451672463,304.15802001953125,BUY_AND_HOLD,1.0,1.0,True,1.0,HOLD,42.88715970397425,51,15512.059020996094,15554.946180700068,Benchmark entered at next-day open with trading costs and then held.
2025-10-09,2025-10-10,304.28744895257694,299.53887939453125,BUY_AND_HOLD,1.0,1.0,True,1.0,HOLD,42.88715970397425,51,15276.482849121094,15319.370008825068,Benchmark entered at next-day open with trading costs and then held.
2025-10-10,2025-10-13,304.2277139599526,306.5870666503906,BUY_AND_HOLD,1.0,1.0,True,1.0,HOLD,42.88715970397425,51,15635.940399169922,15678.827558873896,Benchmark entered at next-day open with trading costs and then held.
2025-10-13,2025-10-14,304.46663636257074,300.7235107421875,BUY_AND_HOLD,1.0,1.0,True,1.0,HOLD,42.88715970397425,51,15336.899047851562,15379.786207555537,Benchmark entered at next-day open with trading costs and then held.
2025-10-14,2025-10-15,305.014160038565,304.3172912597656,BUY_AND_HOLD,1.0,1.0,True,1.0,HOLD,42.88715970397425,51,15520.181854248047,15563.069013952021,Benchmark entered at next-day open with trading costs and then held.
2025-10-15,2025-10-16,303.97881882847634,297.19940185546875,BUY_AND_HOLD,1.0,1.0,True,1.0,HOLD,42.88715970397425,51,15157.169494628906,15200.05665433288,Benchmark entered at next-day open with trading costs and then held.
2025-10-16,2025-10-17,297.8166372560658,296.22381591796875,BUY_AND_HOLD,1.0,1.0,True,1.0,HOLD,42.88715970397425,51,15107.414611816406,15150.30177152038,Benchmark entered at next-day open with trading costs and then held.
2025-10-17,2025-10-20,297.15957582421487,301.0022277832031,BUY_AND_HOLD,1.0,1.0,True,1.0,HOLD,42.88715970397425,51,15351.11361694336,15394.000776647334,Benchmark entered at next-day open with trading costs and then held.
2025-10-20,2025-10-21,300.3054062195614,295.75592041015625,BUY_AND_HOLD,1.0,1.0,True,1.0,HOLD,42.88715970397425,51,15083.551940917969,15126.439100621943,Benchmark entered at next-day open with trading costs and then held.
2025-10-21,2025-10-22,296.43284443493457,292.7892761230469,BUY_AND_HOLD,1.0,1.0,True,1.0,HOLD,42.88715970397425,51,14932.25308227539,14975.140241979365,Benchmark entered at next-day open with trading costs and then held.
2025-10-22,2025-10-23,293.05809154328034,293.2173767089844,BUY_AND_HOLD,1.0,1.0,True,1.0,HOLD,42.88715970397425,51,14954.086212158203,14996.973371862177,Benchmark entered at next-day open with trading costs and then held.
2025-10-23,2025-10-24,294.7504440610291,299.09088134765625,BUY_AND_HOLD,1.0,1.0,True,1.0,HOLD,42.88715970397425,51,15253.634948730469,15296.522108434443,Benchmark entered at next-day open with trading costs and then held.
2025-10-24,2025-10-27,300.80315600970596,302.7842102050781,BUY_AND_HOLD,1.0,1.0,True,1.0,HOLD,42.88715970397425,51,15441.994720458984,15484.881880162959,Benchmark entered at next-day open with trading costs and then held.
2025-10-27,2025-10-28,303.4910147760203,303.98876953125,BUY_AND_HOLD,1.0,1.0,True,1.0,HOLD,42.88715970397425,51,15503.42724609375,15546.314405797724,Benchmark entered at next-day open with trading costs and then held.
2025-10-28,2025-10-29,302.14710352264194,304.13812255859375,BUY_AND_HOLD,1.0,1.0,True,1.0,HOLD,42.88715970397425,51,15511.044250488281,15553.931410192255,Benchmark entered at next-day open with trading costs and then held.
2025-10-29,2025-10-30,304.41687231061707,308.05047607421875,BUY_AND_HOLD,1.0,1.0,True,1.0,HOLD,42.88715970397425,51,15710.574279785156,15753.46143948913,Benchmark entered at next-day open with trading costs and then held.
2025-10-30,2025-10-31,307.1544993342095,309.722900390625,BUY_AND_HOLD,1.0,1.0,True,1.0,HOLD,42.88715970397425,51,15795.867919921875,15838.75507962585,Benchmark entered at next-day open with trading costs and then held.
2025-10-31,2025-11-03,309.60346109874524,307.96087646484375,BUY_AND_HOLD,1.0,1.0,True,1.0,HOLD,42.88715970397425,51,15706.004699707031,15748.891859411005,Benchmark entered at next-day open with trading costs and then held.
2025-11-03,2025-11-04,305.332725363194,307.861328125,BUY_AND_HOLD,1.0,1.0,True,1.0,HOLD,42.88715970397425,51,15700.927734375,15743.814894078974,Benchmark entered at next-day open with trading costs and then held.
2025-11-04,2025-11-05,308.2196835392686,310.2803955078125,BUY_AND_HOLD,1.0,1.0,True,1.0,HOLD,42.88715970397425,51,15824.300170898438,15867.187330602412,Benchmark entered at next-day open with trading costs and then held.
2025-11-05,2025-11-06,309.59349256305353,312.0126037597656,BUY_AND_HOLD,1.0,1.0,True,1.0,HOLD,42.88715970397425,51,15912.642791748047,15955.529951452021,Benchmark entered at next-day open with trading costs and then held.
2025-11-06,2025-11-07,310.4894827215045,312.7990417480469,BUY_AND_HOLD,1.0,1.0,True,1.0,HOLD,42.88715970397425,51,15952.75112915039,15995.638288854365,Benchmark entered at next-day open with trading costs and then held.
2025-11-07,2025-11-10,313.58548301728496,315.4670104980469,BUY_AND_HOLD,1.0,1.0,True,1.0,HOLD,42.88715970397425,51,16088.81753540039,16131.704695104365,Benchmark entered at next-day open with trading costs and then held.
2025-11-10,2025-11-11,316.0742604403922,314.20269775390625,BUY_AND_HOLD,1.0,1.0,True,1.0,HOLD,42.88715970397425,51,16024.337585449219,16067.224745153193,Benchmark entered at next-day open with trading costs and then held.
2025-11-11,2025-11-12,314.8398332015723,318.97119140625,BUY_AND_HOLD,1.0,1.0,True,1.0,HOLD,42.88715970397425,51,16267.53076171875,16310.417921422724,Benchmark entered at next-day open with trading costs and then held.
2025-11-12,2025-11-13,317.7965194699941,308.0903015136719,BUY_AND_HOLD,1.0,1.0,True,1.0,HOLD,42.88715970397425,51,15712.605377197266,15755.49253690124,Benchmark entered at next-day open with trading costs and then held.
2025-11-13,2025-11-14,306.1291237470128,302.2466125488281,BUY_AND_HOLD,1.0,1.0,True,1.0,HOLD,42.88715970397425,51,15414.577239990234,15457.464399694209,Benchmark entered at next-day open with trading costs and then held.
2025-11-14,2025-11-17,302.6348834912671,299.02117919921875,BUY_AND_HOLD,1.0,1.0,True,1.0,HOLD,42.88715970397425,51,15250.080139160156,15292.96729886413,Benchmark entered at next-day open with trading costs and then held.
2025-11-17,2025-11-18,298.15508292828906,298.06549072265625,BUY_AND_HOLD,1.0,1.0,True,1.0,HOLD,42.88715970397425,51,15201.340026855469,15244.227186559443,Benchmark entered at next-day open with trading costs and then held.
2025-11-18,2025-11-19,298.3939949218268,301.90814208984375,BUY_AND_HOLD,1.0,1.0,True,1.0,HOLD,42.88715970397425,51,15397.315246582031,15440.202406286005,Benchmark entered at next-day open with trading costs and then held.
2025-11-19,2025-11-20,304.9643777592117,297.0401306152344,BUY_AND_HOLD,1.0,1.0,True,1.0,HOLD,42.88715970397425,51,15149.046661376953,15191.933821080927,Benchmark entered at next-day open with trading costs and then held.
2025-11-20,2025-11-21,299.93706770739834,296.6817321777344,BUY_AND_HOLD,1.0,1.0,True,1.0,HOLD,42.88715970397425,51,15130.768341064453,15173.655500768427,Benchmark entered at next-day open with trading costs and then held.
2025-11-21,2025-11-24,296.9007472780177,296.6618347167969,BUY_AND_HOLD,1.0,1.0,True,1.0,HOLD,42.88715970397425,51,15129.75357055664,15172.640730260615,Benchmark entered at next-day open with trading costs and then held.
2025-11-24,2025-11-25,298.70260864804214,301.6393737792969,BUY_AND_HOLD,1.0,1.0,True,1.0,HOLD,42.88715970397425,51,15383.60806274414,15426.495222448115,Benchmark entered at next-day open with trading costs and then held.
2025-11-25,2025-11-26,303.6303853642607,306.258544921875,BUY_AND_HOLD,1.0,1.0,True,1.0,HOLD,42.88715970397425,51,15619.185791015625,15662.0729507196,Benchmark entered at next-day open with trading costs and then held.
2025-11-26,2025-11-28,307.71199439271356,311.6741027832031,BUY_AND_HOLD,1.0,1.0,True,1.0,HOLD,42.88715970397425,51,15895.37924194336,15938.266401647334,Benchmark entered at next-day open with trading costs and then held.
2025-11-28,2025-12-01,311.5447084439427,307.5328063964844,BUY_AND_HOLD,1.0,1.0,True,1.0,HOLD,42.88715970397425,51,15684.173126220703,15727.060285924677,Benchmark entered at next-day open with trading costs and then held.
2025-12-01,2025-12-02,307.3535906208714,306.4974670410156,BUY_AND_HOLD,1.0,1.0,True,1.0,HOLD,42.88715970397425,51,15631.370819091797,15674.257978795771,Benchmark entered at next-day open with trading costs and then held.
2025-12-02,2025-12-03,305.8205388774128,310.7283935546875,BUY_AND_HOLD,1.0,1.0,True,1.0,HOLD,42.88715970397425,51,15847.148071289062,15890.035230993037,Benchmark entered at next-day open with trading costs and then held.
2025-12-03,2025-12-04,311.8533290542866,314.6805725097656,BUY_AND_HOLD,1.0,1.0,True,1.0,HOLD,42.88715970397425,51,16048.709197998047,16091.596357702021,Benchmark entered at next-day open with trading costs and then held.
2025-12-04,2025-12-05,314.22264749671507,313.6253356933594,BUY_AND_HOLD,1.0,1.0,True,1.0,HOLD,42.88715970397425,51,15994.892120361328,16037.779280065302,Benchmark entered at next-day open with trading costs and then held.
2025-12-05,2025-12-08,313.64523530818684,313.7945556640625,BUY_AND_HOLD,1.0,1.0,True,1.0,HOLD,42.88715970397425,51,16003.522338867188,16046.409498571162,Benchmark entered at next-day open with trading costs and then held.
2025-12-08,2025-12-09,313.53574377586375,299.16058349609375,BUY_AND_HOLD,1.0,1.0,True,1.0,HOLD,42.88715970397425,51,15257.189758300781,15300.076918004755,Benchmark entered at next-day open with trading costs and then held.
2025-12-09,2025-12-10,299.1506059920777,308.7174377441406,BUY_AND_HOLD,1.0,1.0,True,1.0,HOLD,42.88715970397425,51,15744.589324951172,15787.476484655146,Benchmark entered at next-day open with trading costs and then held.
2025-12-10,2025-12-11,307.85134172095206,315.9548034667969,BUY_AND_HOLD,1.0,1.0,True,1.0,HOLD,42.88715970397425,51,16113.69497680664,16156.582136510615,Benchmark entered at next-day open with trading costs and then held.
2025-12-11,2025-12-12,318.2444858866232,317.0896911621094,BUY_AND_HOLD,1.0,1.0,True,1.0,HOLD,42.88715970397425,51,16171.574249267578,16214.461408971552,Benchmark entered at next-day open with trading costs and then held.
2025-12-12,2025-12-15,318.15488497356307,318.58294677734375,BUY_AND_HOLD,1.0,1.0,True,1.0,HOLD,42.88715970397425,51,16247.730285644531,16290.617445348505,Benchmark entered at next-day open with trading costs and then held.
2025-12-15,2025-12-16,317.65713843404893,314.1330261230469,BUY_AND_HOLD,1.0,1.0,True,1.0,HOLD,42.88715970397425,51,16020.78433227539,16063.671491979365,Benchmark entered at next-day open with trading costs and then held.
2025-12-16,2025-12-17,317.0000717018951,313.5655822753906,BUY_AND_HOLD,1.0,1.0,True,1.0,HOLD,42.88715970397425,51,15991.844696044922,16034.731855748896,Benchmark entered at next-day open with trading costs and then held.
2025-12-17,2025-12-18,314.5810110073882,311.594482421875,BUY_AND_HOLD,1.0,1.0,True,1.0,HOLD,42.88715970397425,51,15891.318603515625,15934.2057632196,Benchmark entered at next-day open with trading costs and then held.
2025-12-18,2025-12-19,312.38092757719465,315.7855529785156,BUY_AND_HOLD,1.0,1.0,True,1.0,HOLD,42.88715970397425,51,16105.063201904297,16147.950361608271,Benchmark entered at next-day open with trading costs and then held.
2025-12-19,2025-12-22,316.0842305232393,321.63916015625,BUY_AND_HOLD,1.0,1.0,True,1.0,HOLD,42.88715970397425,51,16403.59716796875,16446.484327672726,Benchmark entered at next-day open with trading costs and then held.
