fold,date,y_true,y_pred,confidence,bullish_probability,second_best_probability,probability_margin,ticker
1,2022-09-22,0,0,0.9847815408802562,0.014723600941407105,0.014723600941407105,0.970057939938849,AAPL
1,2022-09-22,0,0,0.980008040498034,0.019119874176224173,0.019119874176224173,0.9608881663218098,MSFT
1,2022-09-23,0,0,0.988012632608225,0.0008896112017383248,0.011097756190036712,0.9769148764181883,AAPL
1,2022-09-23,0,0,0.673621607135086,0.3215580177141593,0.3215580177141593,0.3520635894209267,MSFT
1,2022-09-26,0,0,0.9947421900414131,0.0015181328235320413,0.0037396771350548625,0.9910025129063582,AAPL
1,2022-09-26,0,0,0.6876683454284999,0.1571047526781271,0.1571047526781271,0.5305635927503728,MSFT
1,2022-09-27,-1,0,0.8917849069388489,0.001837908852580356,0.10637718420857069,0.7854077227302783,AAPL
1,2022-09-27,0,1,0.5647903155341605,0.5647903155341605,0.32693204970042733,0.23785826583373315,MSFT
1,2022-09-28,-1,1,0.42446574180284374,0.42446574180284374,0.3538419431309239,0.07062379867191987,AAPL
1,2022-09-28,-1,-1,0.7884227694036002,0.17871555543775897,0.17871555543775897,0.6097072139658413,MSFT
1,2022-09-29,0,0,0.9970574096187182,0.0029247503882283608,0.0029247503882283608,0.9941326592304899,AAPL
1,2022-09-29,1,-1,0.8163831015418013,0.17625227164568333,0.17625227164568333,0.6401308298961179,MSFT
1,2022-09-30,1,-1,0.8345022641423675,0.08903080128632623,0.08903080128632623,0.7454714628560413,MSFT
1,2022-09-30,1,0,0.905971909964148,0.09399230104703395,0.09399230104703395,0.8119796089171141,AAPL
1,2022-10-03,1,0,0.9931320948750483,0.006856646697488213,0.006856646697488213,0.9862754481775601,AAPL
1,2022-10-03,1,0,0.9673535412912375,0.01758562342761218,0.01758562342761218,0.9497679178636254,MSFT
1,2022-10-04,0,0,0.6047088993668237,0.0404795745897545,0.35481152604342175,0.24989737332340195,AAPL
1,2022-10-04,0,0,0.9540685462198267,0.009084566879316469,0.03684688690085675,0.9172216593189699,MSFT
1,2022-10-05,-1,0,0.8724642385617165,0.042681324005351316,0.08485443743293217,0.7876098011287843,AAPL
1,2022-10-05,-1,0,0.9950925859870985,0.004254648822263342,0.004254648822263342,0.9908379371648351,MSFT
1,2022-10-06,-1,0,0.9065934022615423,0.04940855443096117,0.04940855443096117,0.8571848478305811,AAPL
1,2022-10-06,-1,0,0.9687988479443349,0.02497382346331975,0.02497382346331975,0.9438250244810151,MSFT
1,2022-10-07,0,0,0.9519405658232784,0.04404725300620128,0.04404725300620128,0.9078933128170771,AAPL
1,2022-10-07,-1,-1,0.740781178668303,0.12277639450522403,0.1364424268264731,0.6043387518418298,MSFT
1,2022-10-10,0,0,0.9982603728453627,0.0013449197987721374,0.0013449197987721374,0.9969154530465906,AAPL
1,2022-10-10,0,0,0.9318840864983229,0.06539653473584525,0.06539653473584525,0.8664875517624776,MSFT
1,2022-10-11,1,1,0.9708935110658133,0.9708935110658133,0.029039601508316394,0.9418539095574969,MSFT
1,2022-10-11,0,1,0.9413959925637442,0.9413959925637442,0.05859919386022998,0.8827967987035142,AAPL
1,2022-10-12,0,0,0.7220845055866175,0.27764863489297564,0.27764863489297564,0.4444358706936419,AAPL
1,2022-10-12,0,0,0.966118317519123,0.03264866006074131,0.03264866006074131,0.9334696574583817,MSFT
1,2022-10-13,0,1,0.6229710287808052,0.6229710287808052,0.20330062219422776,0.4196704065865775,AAPL
1,2022-10-13,0,0,0.8622434412552229,0.09870099359300363,0.09870099359300363,0.7635424476622192,MSFT
1,2022-10-14,1,0,0.9254936549760786,0.029534575641384363,0.044971769382536955,0.8805218855935416,AAPL
1,2022-10-14,1,0,0.7180523629103291,0.03540569178314937,0.24654194530652143,0.47151041760380774,MSFT
1,2022-10-17,0,-1,0.6290577462984321,0.06453895890799223,0.30640329479357564,0.3226544515048565,AAPL
1,2022-10-17,0,0,0.8301957383267481,0.0003275803677179191,0.16947668130553395,0.6607190570212141,MSFT
1,2022-10-18,0,0,0.7845031376865036,0.20916691868469212,0.20916691868469212,0.5753362190018114,AAPL
1,2022-10-18,0,0,0.8022399505219515,0.011034390902331947,0.18672565857571638,0.6155142919462351,MSFT
1,2022-10-19,0,0,0.9564843942715955,0.04047865209889365,0.04047865209889365,0.9160057421727018,MSFT
1,2022-10-19,0,0,0.9884426259426357,0.008140863196872156,0.008140863196872156,0.9803017627457635,AAPL
1,2022-10-20,1,0,0.9912961548555305,0.001466773960414215,0.007237071184055288,0.9840590836714752,MSFT
1,2022-10-20,1,0,0.523051472325845,0.4391611743638805,0.4391611743638805,0.08389029796196451,AAPL
1,2022-10-21,1,0,0.8788657450487095,0.020762166683953562,0.10037208826733705,0.7784936567813725,AAPL
1,2022-10-21,1,0,0.8067785382157332,0.13806203898988323,0.13806203898988323,0.66871649922585,MSFT
1,2022-10-24,0,0,0.8628644810026593,0.003865299053818184,0.1332702199435224,0.7295942610591369,AAPL
1,2022-10-24,-1,0,0.9858710227830856,0.0037478196515490217,0.01038115756536549,0.9754898652177201,MSFT
1,2022-10-25,-1,0,0.9610498790895468,0.005545205721961128,0.03340491518849218,0.9276449639010546,AAPL
1,2022-10-25,-1,0,0.9696883561540045,0.029412303301817374,0.029412303301817374,0.9402760528521872,MSFT
1,2022-10-26,1,0,0.5205057234065305,0.07835320457377407,0.40114107201969545,0.119364651386835,AAPL
1,2022-10-26,0,-1,0.791080985794913,0.030016110397316643,0.17890290380777044,0.6121780819871426,MSFT
1,2022-10-27,1,0,0.7976377932404821,0.06529166540206875,0.13707054135744903,0.6605672518830331,AAPL
1,2022-10-27,0,0,0.8518113960877728,0.008760602555785452,0.13942800135644176,0.712383394731331,MSFT
1,2022-10-28,0,0,0.7780689921903944,0.012063668076440921,0.2098673397331647,0.5682016524572296,MSFT
1,2022-10-28,0,0,0.8387015009912258,0.1103512270333882,0.1103512270333882,0.7283502739578376,AAPL
1,2022-10-31,-1,-1,0.7244964685142743,0.004479629612317095,0.27102390187340863,0.45347256664086566,MSFT
1,2022-10-31,-1,0,0.98813668555773,0.011770741937834615,0.011770741937834615,0.9763659436198955,AAPL
1,2022-11-01,-1,0,0.621103534526851,0.08440461798762562,0.2944918474855234,0.3266116870413276,AAPL
1,2022-11-01,-1,0,0.6068311925781456,0.1422292181581318,0.2509395892637226,0.35589160331442293,MSFT
1,2022-11-02,-1,-1,0.573089534711948,9.036805543981139e-05,0.4268200972326122,0.1462694374793358,AAPL
1,2022-11-02,0,0,0.9918719461777219,0.007248672925385671,0.007248672925385671,0.9846232732523362,MSFT
1,2022-11-03,0,0,0.6624171378107951,0.0003488478318974843,0.3372340143573074,0.32518312345348777,AAPL
1,2022-11-03,1,0,0.9977509112879364,0.002158192589668734,0.002158192589668734,0.9955927186982676,MSFT
1,2022-11-04,0,0,0.829226071044019,0.03921534503237136,0.1315585839236095,0.6976674871204095,AAPL
1,2022-11-04,0,-1,0.648902455383946,0.00012207341727052433,0.3509754711987835,0.2979269841851625,MSFT
1,2022-11-07,0,0,0.9742279603091155,0.002251575434603844,0.02352046425628079,0.9507074960528348,AAPL
1,2022-11-07,0,-1,0.6258587741135355,0.0005933747425007228,0.3735478511439639,0.25231092296957164,MSFT
1,2022-11-08,1,0,0.9047072995400908,0.004262564914444227,0.091030135545465,0.8136771639946258,AAPL
1,2022-11-08,1,-1,0.5602541826158152,0.0022977317554216206,0.43744808562876314,0.12280609698705203,MSFT
1,2022-11-09,1,-1,0.9785329270945803,0.0005799003471286241,0.020887172558290996,0.9576457545362893,MSFT
1,2022-11-09,1,0,0.9972505114557096,0.0017141943530107322,0.0017141943530107322,0.995536317102699,AAPL
1,2022-11-10,0,-1,0.9831970671840067,0.001517490874359803,0.015285441941633567,0.9679116252423731,AAPL
1,2022-11-10,0,-1,0.59627144119471,0.14874738094653545,0.2549811778587547,0.3412902633359553,MSFT
1,2022-11-11,0,-1,0.5630439491614458,0.04272824988044032,0.3942278009581139,0.16881614820333196,AAPL
1,2022-11-11,0,0,0.9970239385975982,0.0004518647462801761,0.0025241966561215788,0.9944997419414766,MSFT
1,2022-11-14,0,0,0.864663178606449,0.007022356494510864,0.12831446489904025,0.7363487137074087,AAPL
1,2022-11-14,0,-1,0.7655288299984884,0.010749565014017406,0.2237216049874942,0.5418072250109942,MSFT
1,2022-11-15,0,-1,0.9659594386457331,0.004394706502033042,0.029645854852233974,0.9363135837934992,AAPL
1,2022-11-15,0,-1,0.7624016359654274,0.061658520451894405,0.1759398435826781,0.5864617923827493,MSFT
1,2022-11-16,0,0,0.6689792369271659,0.015229277624318726,0.3157914854485154,0.3531877514786505,AAPL
1,2022-11-16,0,0,0.9814560201750373,0.0002957840413470184,0.01824819578361561,0.9632078243914217,MSFT
1,2022-11-17,0,-1,0.5880745478091338,0.04043078798530763,0.3714946642055586,0.21657988360357522,MSFT
1,2022-11-17,0,0,0.774470950159401,0.11290937077750599,0.11290937077750599,0.6615615793818951,AAPL
1,2022-11-18,0,-1,0.579250482673165,0.22104703082961674,0.22104703082961674,0.3582034518435483,MSFT
1,2022-11-18,0,0,0.9193549058712928,0.03406613692280795,0.046578957205899225,0.8727759486653935,AAPL
1,2022-11-21,0,0,0.48734924360348747,0.0799350629225115,0.4327156934740009,0.05463355012948656,AAPL
1,2022-11-21,0,-1,0.5527559690858894,0.00503221110274134,0.44221181981136926,0.11054414927452016,MSFT
1,2022-11-22,0,-1,0.7468614365414484,0.005873844450118181,0.24726471900843341,0.49959671753301504,AAPL
1,2022-11-22,0,0,0.6124144732773931,0.015203302901896445,0.37238222382071046,0.2400322494566826,MSFT
1,2022-11-23,-1,-1,0.9351991793033316,0.01580445676845651,0.048996363928211814,0.8862028153751198,AAPL
1,2022-11-23,0,0,0.9985082997907303,0.0014817931890754093,0.0014817931890754093,0.9970265066016549,MSFT
1,2022-11-25,-1,-1,0.846603687096329,0.003128057531019124,0.15026825537265187,0.6963354317236772,AAPL
1,2022-11-25,-1,0,0.7774691986303646,0.0016371647644226846,0.2208936366052128,0.5565755620251518,MSFT
1,2022-11-28,1,-1,0.7039687726094113,0.03654624812892027,0.2594849792616683,0.44448379334774296,AAPL
1,2022-11-28,1,-1,0.9885693571222017,0.004144938380637151,0.007285704497161196,0.9812836526250406,MSFT
1,2022-11-29,1,0,0.7246299387174677,0.19719033632706603,0.19719033632706603,0.5274396023904017,AAPL
1,2022-11-29,1,-1,0.8609921479534135,0.06516139373347424,0.07384645831311225,0.7871456896403013,MSFT
1,2022-11-30,0,0,0.9922021548242855,0.007504893333442584,0.007504893333442584,0.9846972614908429,MSFT
1,2022-11-30,0,-1,0.9910550443194472,0.0001434876442701068,0.008801468036282751,0.9822535762831645,AAPL
1,2022-12-01,0,-1,0.6663856888309867,0.002492251643587244,0.331122059525426,0.3352636293055607,AAPL
1,2022-12-01,0,0,0.9108963470902353,0.0890079850399663,0.0890079850399663,0.8218883620502689,MSFT
1,2022-12-02,-1,0,0.5760681809974737,0.28042374356914995,0.28042374356914995,0.29564443742832375,AAPL
1,2022-12-02,-1,0,0.9794142811151554,0.018406420575434995,0.018406420575434995,0.9610078605397204,MSFT
1,2022-12-05,-1,0,0.918637126105978,0.013346597654753049,0.0680162762392688,0.8506208498667093,AAPL
1,2022-12-05,0,0,0.7506019393703117,0.24378864173781947,0.24378864173781947,0.5068132976324923,MSFT
1,2022-12-06,0,0,0.6757719354046345,0.004249726041902671,0.31997833855346275,0.3557935968511718,AAPL
1,2022-12-06,0,1,0.5035084626323684,0.5035084626323684,0.49426762858380974,0.009240834048558633,MSFT
1,2022-12-07,0,0,0.9436600843363713,0.05386194994134319,0.05386194994134319,0.8897981343950281,AAPL
1,2022-12-07,0,0,0.9675010486457599,0.03183236515662347,0.03183236515662347,0.9356686834891365,MSFT
1,2022-12-08,0,0,0.9903590008183074,0.0011836340337225343,0.008457365147969952,0.9819016356703375,AAPL
1,2022-12-08,0,0,0.97124330006269,0.022345001990490037,0.022345001990490037,0.9488982980721999,MSFT
1,2022-12-09,1,-1,0.5795398194554033,0.2867790354850261,0.2867790354850261,0.29276078397037725,MSFT
1,2022-12-09,0,-1,0.5794976873417919,0.40399841030755756,0.40399841030755756,0.1754992770342343,AAPL
1,2022-12-12,0,-1,0.6414848983039034,0.3319788069615517,0.3319788069615517,0.30950609134235174,AAPL
1,2022-12-12,0,-1,0.4215537920852006,0.3348469973856778,0.3348469973856778,0.0867067946995228,MSFT
1,2022-12-13,-1,-1,0.7797074370041549,0.19666901731525324,0.19666901731525324,0.5830384196889017,AAPL
1,2022-12-13,-1,0,0.896051770903169,0.09461641112996641,0.09461641112996641,0.8014353597732026,MSFT
1,2022-12-14,-1,-1,0.6400678089574563,0.3568835065296658,0.3568835065296658,0.2831843024277905,AAPL
1,2022-12-14,-1,0,0.8807514166844217,0.06097819270074299,0.06097819270074299,0.8197732239836787,MSFT
1,2022-12-15,-1,1,0.5210957744662779,0.5210957744662779,0.4605008501668007,0.06059492429947716,AAPL
1,2022-12-15,-1,-1,0.5233339541917638,0.34738712214915135,0.34738712214915135,0.1759468320426124,MSFT
1,2022-12-16,0,1,0.6597064243430261,0.6597064243430261,0.33770383659912456,0.3220025877439015,AAPL
1,2022-12-16,0,0,0.3988431487252085,0.2558792213974752,0.3452776298773163,0.05356551884789218,MSFT
1,2022-12-19,1,0,0.5734845962947172,0.4254302588131397,0.4254302588131397,0.14805433748157748,AAPL
1,2022-12-19,0,0,0.9788746962407077,0.0006186939824404274,0.02050660977685209,0.9583680864638555,MSFT
1,2022-12-20,0,0,0.5762272267778261,0.00033061443443102925,0.4234421587877427,0.1527850679900834,MSFT
1,2022-12-20,0,1,0.9776125770845766,0.9776125770845766,0.021213847792018414,0.9563987292925582,AAPL
1,2022-12-21,-1,-1,0.5489441458433463,0.03168945295367524,0.41936640120297847,0.1295777446403678,AAPL
1,2022-12-21,-1,0,0.8628732799811112,0.010117989996912794,0.12700873002197588,0.7358645499591353,MSFT
1,2022-12-22,0,1,0.9558839665360404,0.9558839665360404,0.03366227670992937,0.922221689826111,AAPL
1,2022-12-22,0,0,0.9175528651119905,0.006186664748755932,0.07626047013925347,0.8412923949727371,MSFT
1,2022-12-23,-1,1,0.869951367761261,0.869951367761261,0.08622221946016803,0.783729148301093,AAPL
1,2022-12-23,0,0,0.6438953370851674,0.29788892762460745,0.29788892762460745,0.34600640946056,MSFT
1,2022-12-27,0,1,0.9781924477398949,0.9781924477398949,0.014516464632314752,0.9636759831075802,AAPL
1,2022-12-27,0,0,0.8666393620344712,0.009136815051676628,0.12422382291385207,0.7424155391206192,MSFT
1,2022-12-28,1,0,0.9854613619933912,0.01404659290768829,0.01404659290768829,0.9714147690857029,AAPL
1,2022-12-28,1,-1,0.8897826708137309,0.005032124154828128,0.10518520503144087,0.78459746578229,MSFT
1,2022-12-29,-1,0,0.6384568980003426,0.3004251257676364,0.3004251257676364,0.33803177223270614,AAPL
1,2022-12-29,0,-1,0.87516556888723,0.04090677138454815,0.08392765972822185,0.7912379091590082,MSFT
1,2022-12-30,-1,1,0.6196317952412423,0.6196317952412423,0.3491580946042435,0.2704737006369988,MSFT
1,2022-12-30,-1,1,0.5637790840801321,0.5637790840801321,0.42657901608637155,0.13720006799376055,AAPL
1,2023-01-03,0,1,0.9038722802179989,0.9038722802179989,0.09465646361128735,0.8092158166067116,AAPL
1,2023-01-03,-1,-1,0.5093270942673452,0.3334845911319441,0.3334845911319441,0.17584250313540112,MSFT
1,2023-01-04,0,-1,0.8394801707079614,0.12456167098977454,0.12456167098977454,0.7149184997181869,AAPL
1,2023-01-04,0,1,0.9980159856245172,0.9980159856245172,0.0010584184364017277,0.9969575671881155,MSFT
1,2023-01-05,1,1,0.8773871046810494,0.8773871046810494,0.07370549000694943,0.8036816146740999,AAPL
1,2023-01-05,0,1,0.8623968527239498,0.8623968527239498,0.13731042059163268,0.7250864321323172,MSFT
1,2023-01-06,0,-1,0.5559149331493415,0.08254283419318797,0.36154223265747043,0.19437270049187105,AAPL
1,2023-01-06,0,0,0.7198952179282866,0.27981624741597466,0.27981624741597466,0.44007897051231193,MSFT
1,2023-01-09,0,-1,0.45704352759269623,0.13804369958843246,0.4049127728188712,0.052130754773825005,AAPL
1,2023-01-09,1,0,0.6117961425744141,0.08709837690095229,0.3011054805246337,0.31069066204978035,MSFT
1,2023-01-10,0,0,0.4985080908675129,0.04834290894139687,0.4531490001910902,0.045359090676422686,AAPL
1,2023-01-10,1,-1,0.7094276849456976,0.12539242367530737,0.16517989137899497,0.5442477935667027,MSFT
1,2023-01-11,0,-1,0.6714747071830431,0.0228337596418033,0.3056915331751535,0.3657831740078896,MSFT
1,2023-01-11,0,0,0.5734607602096725,0.029219914330082027,0.39731932546024545,0.17614143474942706,AAPL
1,2023-01-12,0,0,0.4722490460121078,0.2813348908372892,0.2813348908372892,0.19091415517481863,AAPL
1,2023-01-12,0,-1,0.9447441390249023,0.0034569070070256903,0.05179895396807188,0.8929451850568304,MSFT
1,2023-01-13,0,-1,0.9492179384734137,0.01545346782657903,0.03532859370000733,0.9138893447734064,AAPL
1,2023-01-13,0,-1,0.9498720430691393,0.00648887282104025,0.04363908410982037,0.906232958959319,MSFT
1,2023-01-17,0,0,0.7266528358997505,0.010059474697176723,0.26328768940307273,0.46336514649667776,AAPL
1,2023-01-17,-1,-1,0.9912620331743867,0.004746539082629448,0.004746539082629448,0.9865154940917572,MSFT
1,2023-01-18,1,1,0.6022977415616347,0.6022977415616347,0.22415434032585402,0.3781434012357807,AAPL
1,2023-01-18,0,1,0.7500270407550989,0.7500270407550989,0.12982490522753876,0.6202021355275601,MSFT
1,2023-01-19,1,1,0.6389982709538994,0.6389982709538994,0.20669240710589543,0.43230586384800396,AAPL
1,2023-01-19,1,1,0.9837765182812312,0.9837765182812312,0.008649400599816693,0.9751271176814146,MSFT
1,2023-01-20,0,-1,0.8687374468753303,0.02897785751647531,0.10228469560819439,0.7664527512671359,MSFT
1,2023-01-20,1,1,0.7853512017970924,0.7853512017970924,0.16211278640015248,0.6232384153969399,AAPL
1,2023-01-23,0,-1,0.6997893735415163,0.13577219800806417,0.16443842845041945,0.5353509450910968,MSFT
1,2023-01-23,0,0,0.9766340158856021,0.004194385197689443,0.019171598916708513,0.9574624169688936,AAPL
1,2023-01-24,0,0,0.9879242644853424,0.007579170587728099,0.007579170587728099,0.9803450938976144,AAPL
1,2023-01-24,1,-1,0.726513481269705,0.015015580680710863,0.258470938049584,0.46804254322012107,MSFT
1,2023-01-25,1,1,0.7119376415079616,0.7119376415079616,0.27761159900931925,0.4343260424986423,AAPL
1,2023-01-25,1,-1,0.9611422448303827,0.030318516064390864,0.030318516064390864,0.9308237287659918,MSFT
1,2023-01-26,0,0,0.9977139952481892,0.00024342719073575065,0.002042577561075249,0.9956714176871139,AAPL
1,2023-01-26,-1,0,0.6966196464179857,0.03849077714186172,0.2648895764401525,0.4317300699778332,MSFT
1,2023-01-27,0,0,0.9621798429638572,0.015133145713123864,0.02268701132301893,0.9394928316408382,AAPL
1,2023-01-27,0,0,0.6090522110972824,0.383377664553216,0.383377664553216,0.22567454654406638,MSFT
1,2023-01-30,1,1,0.9814359246661829,0.9814359246661829,0.01808627337391594,0.963349651292267,AAPL
1,2023-01-30,1,-1,0.9700268787060395,0.004482955745308581,0.025490165548651945,0.9445367131573876,MSFT
1,2023-01-31,1,0,0.6636786763077639,0.33475401332352,0.33475401332352,0.3289246629842439,AAPL
1,2023-01-31,1,0,0.6603354847428257,0.0913713382202313,0.24829317703694304,0.4120423077058826,MSFT
1,2023-02-01,1,0,0.9940839349105375,0.004492305796592896,0.004492305796592896,0.9895916291139446,MSFT
1,2023-02-01,1,1,0.9651230581927429,0.9651230581927429,0.029454300659745063,0.9356687575329978,AAPL
1,2023-02-02,0,0,0.9341855986117402,0.06451859385874514,0.06451859385874514,0.8696670047529951,AAPL
1,2023-02-02,-1,0,0.99823162068932,0.0011905107210695642,0.0011905107210695642,0.9970411099682505,MSFT
1,2023-02-03,0,0,0.9615378164522329,0.03800102506293622,0.03800102506293622,0.9235367913892967,AAPL
1,2023-02-03,1,0,0.7708613803951104,0.22887646370731246,0.22887646370731246,0.5419849166877979,MSFT
1,2023-02-06,0,1,0.9272286978236469,0.9272286978236469,0.07276447538703525,0.8544642224366117,AAPL
1,2023-02-06,1,0,0.9589615090299896,0.0410298475666778,0.0410298475666778,0.9179316614633117,MSFT
1,2023-02-07,-1,1,0.5357503311247515,0.5357503311247515,0.4637099816409755,0.07204034948377597,AAPL
1,2023-02-07,0,0,0.9558572676858227,0.0401947273703743,0.0401947273703743,0.9156625403154484,MSFT
1,2023-02-08,0,0,0.682688720459551,0.31729529970342374,0.31729529970342374,0.36539342075612724,AAPL
1,2023-02-08,0,0,0.998603946248595,0.0013324302321472959,0.0013324302321472959,0.9972715160164478,MSFT
1,2023-02-09,1,0,0.9455507014951129,0.054388245864335015,0.054388245864335015,0.8911624556307779,MSFT
1,2023-02-09,0,0,0.6964666283394663,0.21512986259083816,0.21512986259083816,0.4813367657486281,AAPL
1,2023-02-10,1,0,0.9064715452015984,0.09352543277719239,0.09352543277719239,0.8129461124244061,MSFT
1,2023-02-10,0,0,0.9051507549509034,0.0870805435515056,0.0870805435515056,0.8180702113993977,AAPL
1,2023-02-13,0,0,0.5637736880837695,0.43610581045289587,0.43610581045289587,0.12766787763087362,AAPL
1,2023-02-13,0,0,0.9660158020552859,0.03263625540881272,0.03263625540881272,0.9333795466464732,MSFT
1,2023-02-14,0,1,0.9297906415301848,0.9297906415301848,0.07013899374858079,0.859651647781604,AAPL
1,2023-02-14,-1,0,0.97925009449919,0.020747732951229246,0.020747732951229246,0.9585023615479608,MSFT
1,2023-02-15,0,0,0.9955217782043186,0.004470068112062978,0.004470068112062978,0.9910517100922557,AAPL
1,2023-02-15,-1,0,0.792232568366042,0.20775265332493206,0.20775265332493206,0.5844799150411099,MSFT
1,2023-02-16,-1,0,0.5509220429113986,0.4300819543160333,0.4300819543160333,0.12084008859536527,AAPL
1,2023-02-16,-1,0,0.7642445781460387,0.23226060568054588,0.23226060568054588,0.5319839724654929,MSFT
1,2023-02-17,-1,1,0.8655012836068827,0.8655012836068827,0.06877867343117637,0.7967226101757063,AAPL
1,2023-02-17,-1,0,0.9123495654910102,0.08738753133039834,0.08738753133039834,0.8249620341606119,MSFT
1,2023-02-21,0,0,0.8388098374813315,0.15777094907002992,0.15777094907002992,0.6810388884113017,AAPL
1,2023-02-21,0,0,0.9967196238737925,0.0020707570897117713,0.0020707570897117713,0.9946488667840808,MSFT
1,2023-02-22,0,0,0.9423107709606218,0.057381039980285514,0.057381039980285514,0.8849297309803362,MSFT
1,2023-02-22,0,-1,0.6827769946761674,0.001264447200129443,0.31595855812370316,0.3668184365524642,AAPL
1,2023-02-23,0,-1,0.7619739313469188,0.10997600319499512,0.12805006545808617,0.6339238658888326,AAPL
1,2023-02-23,-1,0,0.6242981724060354,0.0036264118624602082,0.3720754157315045,0.25222275667453087,MSFT
1,2023-02-24,0,-1,0.7208703727301286,0.010794780559408126,0.2683348467104635,0.45253552601966507,AAPL
1,2023-02-24,0,0,0.9850531072192993,0.0012261693987682437,0.013720723381932445,0.9713323838373669,MSFT
1,2023-02-27,-1,-1,0.7923403691742892,0.0016352838564582645,0.20602434696925254,0.5863160222050366,AAPL
1,2023-02-27,0,-1,0.7051124842613055,0.0006552669572014073,0.29423224878149323,0.41088023547981223,MSFT
1,2023-02-28,0,-1,0.9972943625474461,0.00025476711319413823,0.0024508703393597876,0.9948434922080863,AAPL
1,2023-02-28,0,0,0.5076348043922477,0.005107796494339383,0.4872573991134129,0.020377405278834804,MSFT
1,2023-03-01,1,-1,0.9345236319061483,0.0016076726374675526,0.0638686954563844,0.8706549364497639,AAPL
1,2023-03-01,1,0,0.7863842654295545,0.03628184554100863,0.17733388902943692,0.6090503764001176,MSFT
1,2023-03-02,1,-1,0.7271645750683807,0.002967775648163699,0.2698676492834556,0.45729692578492515,AAPL
1,2023-03-02,1,0,0.7364147576693607,0.0010363159750643666,0.26254892635557486,0.47386583131378585,MSFT
1,2023-03-03,0,-1,0.9400176941423874,0.0007572877399931142,0.059225018117619384,0.8807926760247681,AAPL
1,2023-03-03,0,-1,0.938613700597301,0.0004970694992380575,0.060889229903461,0.87772447069384,MSFT
1,2023-03-06,0,-1,0.7614835221323911,0.00043688682078285855,0.23807959104682597,0.5234039310855652,MSFT
1,2023-03-06,0,-1,0.9556685745145643,0.0002151649678661103,0.04411626051756969,0.9115523139969947,AAPL
2,2023-03-07,0,0,0.9180797577813443,0.05071192203866493,0.05071192203866493,0.8673678357426794,AAPL
2,2023-03-07,0,-1,0.8331451908682855,0.16644199491399078,0.16644199491399078,0.6667031959542947,MSFT
2,2023-03-08,-1,0,0.6261353316488807,0.0007138840210501936,0.3731507843300691,0.2529845473188116,AAPL
2,2023-03-08,-1,-1,0.6511757299108499,0.31039391796271487,0.31039391796271487,0.34078181194813506,MSFT
2,2023-03-09,0,0,0.9654441091765507,0.0026183163179324224,0.03193757450551687,0.9335065346710338,AAPL
2,2023-03-09,0,-1,0.6454253535939173,0.0033059221420899203,0.3512687242639928,0.2941566293299245,MSFT
2,2023-03-10,1,0,0.7562609077372263,0.08061643845884775,0.16312265380392593,0.5931382539333003,AAPL
2,2023-03-10,1,1,0.927602303390688,0.927602303390688,0.042877515129719386,0.8847247882609687,MSFT
2,2023-03-13,0,0,0.8574238949936537,0.007636949516164758,0.13493915549018162,0.722484739503472,AAPL
2,2023-03-13,1,0,0.4910390517107208,0.03790871607941583,0.4710522322098633,0.01998681950085751,MSFT
2,2023-03-14,1,-1,0.6940627243307651,0.004346037412189234,0.3015912382570457,0.3924714860737194,AAPL
2,2023-03-14,1,0,0.6668351208923422,0.0013384518087483765,0.3318264272989093,0.3350086935934329,MSFT
2,2023-03-15,1,0,0.9542109882338765,0.022386169444731846,0.02340284232139164,0.9308081459124848,MSFT
2,2023-03-15,0,-1,0.5327132478575631,0.4138863224281437,0.4138863224281437,0.11882692542941942,AAPL
2,2023-03-16,0,-1,0.7274014801992229,0.12039692453479224,0.1522015952659849,0.575199884933238,AAPL
2,2023-03-16,0,0,0.9933910786193896,0.0016079461472686951,0.005000975233341594,0.9883901033860479,MSFT
2,2023-03-17,1,-1,0.9993924336236627,9.81521331715957e-05,0.0005094142431657904,0.998883019380497,AAPL
2,2023-03-17,-1,0,0.9893051461415384,5.904263201041843e-05,0.01063581122645113,0.9786693349150872,MSFT
2,2023-03-20,0,-1,0.9547900667261741,0.0003936476394857014,0.0448162856343402,0.9099737810918338,AAPL
2,2023-03-20,0,1,0.9944606396024578,0.9944606396024578,0.004342875264534232,0.9901177643379235,MSFT
2,2023-03-21,0,-1,0.9120954715012092,0.0007627556823718073,0.08714177281641908,0.8249536986847901,AAPL
2,2023-03-21,0,0,0.9341897827792222,0.04640667764547258,0.04640667764547258,0.8877831051337496,MSFT
2,2023-03-22,1,-1,0.998754467130514,0.0002092654313528369,0.0010362674381332434,0.9977181996923807,AAPL
2,2023-03-22,1,0,0.9601600473368812,0.0074542248737695035,0.03238572778934925,0.927774319547532,MSFT
2,2023-03-23,0,-1,0.9737013804498759,0.025039359994423745,0.025039359994423745,0.9486620204554521,AAPL
2,2023-03-23,0,0,0.6641263418543344,0.0025561689485660627,0.3333174891970995,0.33080885265723486,MSFT
2,2023-03-24,0,0,0.9984641562642629,0.000461352241115759,0.0010744914946214127,0.9973896647696414,MSFT
2,2023-03-24,-1,0,0.9657278312831133,0.016697167954712978,0.01757500076217357,0.9481528305209398,AAPL
2,2023-03-27,1,1,0.8876290558963604,0.8876290558963604,0.11008438522541084,0.7775446706709496,AAPL
2,2023-03-27,0,1,0.8853681248487308,0.8853681248487308,0.11294210931336038,0.7724260155353705,MSFT
2,2023-03-28,1,-1,0.9818532410818078,0.0025572315927706404,0.015589527325421555,0.9662637137563863,AAPL
2,2023-03-28,1,0,0.772255464425878,0.09225604672269869,0.1354884888514232,0.6367669755744548,MSFT
2,2023-03-29,1,-1,0.9982487966548639,0.0007870362306197383,0.000964167114516389,0.9972846295403475,AAPL
2,2023-03-29,1,0,0.9892376789016473,0.005042126056856299,0.005720195041496323,0.9835174838601509,MSFT
2,2023-03-30,1,-1,0.9935450637213598,0.000133995432232322,0.00632094084640791,0.9872241228749519,AAPL
2,2023-03-30,0,0,0.6409857160185687,0.0007978238752781097,0.3582164601061532,0.2827692559124155,MSFT
2,2023-03-31,0,-1,0.9579036162420398,0.0007294098805002982,0.0413669738774599,0.9165366423645799,AAPL
2,2023-03-31,0,-1,0.6376100278959556,0.0006352449118495768,0.3617547271921949,0.27585530070376063,MSFT
2,2023-04-03,-1,-1,0.901091838046297,0.00020545693389844883,0.09870270501980462,0.8023891330264924,AAPL
2,2023-04-03,0,0,0.43647238704856,0.37174687728382605,0.37174687728382605,0.06472550976473396,MSFT
2,2023-04-04,1,0,0.5236309603418248,0.0019255149341554773,0.47444352472401985,0.04918743561780492,MSFT
2,2023-04-04,0,-1,0.991041807283745,5.8127785944163105e-05,0.008900064930310817,0.9821417423534342,AAPL
2,2023-04-05,0,-1,0.9101466295473536,0.0879307308379485,0.0879307308379485,0.822215898709405,AAPL
2,2023-04-05,1,1,0.5108322986391455,0.5108322986391455,0.2880664964644722,0.2227658021746733,MSFT
2,2023-04-06,-1,-1,0.9945001032871754,0.004674840541828492,0.004674840541828492,0.9898252627453469,AAPL
2,2023-04-06,-1,-1,0.7891019235127147,0.005245778455493637,0.20565229803179166,0.583449625480923,MSFT
2,2023-04-10,0,-1,0.9995571280006977,0.0003493512743728836,0.0003493512743728836,0.9992077767263249,AAPL
2,2023-04-10,-1,1,0.6102553603110124,0.6102553603110124,0.3827167441636982,0.22753861614731413,MSFT
2,2023-04-11,1,-1,0.9838970668867768,0.014327389530044244,0.014327389530044244,0.9695696773567326,AAPL
2,2023-04-11,1,-1,0.6509225465994938,0.06773035262365576,0.28134710077685043,0.36957544582264334,MSFT
2,2023-04-12,1,-1,0.9605808036857393,0.019904394552662023,0.019904394552662023,0.9406764091330773,AAPL
2,2023-04-12,0,0,0.9525181350348018,0.0010816394543651164,0.04640022551083318,0.9061179095239685,MSFT
2,2023-04-13,0,-1,0.944043522188665,0.002465309031948065,0.05349116877938681,0.8905523534092783,AAPL
2,2023-04-13,0,1,0.47672937089809,0.47672937089809,0.4672386354741828,0.00949073542390716,MSFT
2,2023-04-14,0,-1,0.9397698816391028,0.059391100583997804,0.059391100583997804,0.880378781055105,MSFT
2,2023-04-14,0,-1,0.9605304014616719,0.009401492670643267,0.030068105867684814,0.9304622955939871,AAPL
2,2023-04-17,0,-1,0.9997375435339994,8.35804778729971e-05,0.00017887598812769498,0.9995586675458716,AAPL
2,2023-04-17,0,-1,0.7872237475807432,0.014519100485934609,0.19825715193332216,0.588966595647421,MSFT
2,2023-04-18,0,-1,0.9976904792207155,1.857623181369401e-05,0.0022909445474706296,0.9953995346732449,AAPL
2,2023-04-18,0,-1,0.958425559364631,0.038264057718953956,0.038264057718953956,0.9201615016456771,MSFT
2,2023-04-19,0,-1,0.9977144391216058,2.68070559614505e-05,0.002258753822432747,0.995455685299173,AAPL
2,2023-04-19,0,-1,0.9852103119015375,0.014455615489301856,0.014455615489301856,0.9707546964122357,MSFT
2,2023-04-20,0,-1,0.9965553687765997,0.003406013558723014,0.003406013558723014,0.9931493552178766,AAPL
2,2023-04-20,0,-1,0.9878550799515343,0.007972732278640492,0.007972732278640492,0.9798823476728938,MSFT
2,2023-04-21,0,-1,0.9997160930347325,0.0001908571019035537,0.0001908571019035537,0.9995252359328289,AAPL
2,2023-04-21,-1,-1,0.993868458979245,0.00535453342699254,0.00535453342699254,0.9885139255522525,MSFT
2,2023-04-24,0,-1,0.9976057590604858,0.00011774198414164621,0.0022764989553724635,0.9953292601051134,AAPL
2,2023-04-24,1,-1,0.9929539059014897,0.006232024242615518,0.006232024242615518,0.9867218816588742,MSFT
2,2023-04-25,1,1,0.5097445959201313,0.5097445959201313,0.48574172498680407,0.02400287093332726,MSFT
2,2023-04-25,1,-1,0.9895396543377736,0.005174940579578308,0.005285405082648264,0.9842542492551253,AAPL
2,2023-04-26,1,-1,0.9962537349806488,0.0006361803856309709,0.003110084633720306,0.9931436503469285,AAPL
2,2023-04-26,1,0,0.7447658580259521,0.23377141270814908,0.23377141270814908,0.510994445317803,MSFT
2,2023-04-27,0,-1,0.9965167271237668,0.0028266492762800692,0.0028266492762800692,0.9936900778474868,AAPL
2,2023-04-27,0,0,0.9963135888346798,0.0001811910364017952,0.003505220128918368,0.9928083687057614,MSFT
2,2023-04-28,0,-1,0.9971011584745193,3.720896020171439e-05,0.002861632565279009,0.9942395259092403,AAPL
2,2023-04-28,0,0,0.9847139808119654,0.00035118898487331794,0.014934830203161177,0.9697791506088042,MSFT
2,2023-05-01,0,-1,0.9996041678857152,3.175177208979759e-05,0.00036408034219522867,0.9992400875435199,AAPL
2,2023-05-01,0,0,0.9831383721665126,0.007946848924840115,0.008914778908647275,0.9742235932578653,MSFT
2,2023-05-02,-1,-1,0.9990293014565441,0.0008349963412058375,0.0008349963412058375,0.9981943051153382,AAPL
2,2023-05-02,0,0,0.9977841898936006,0.0006345243312935642,0.0015812857751060238,0.9962029041184945,MSFT
2,2023-05-03,1,-1,0.9962003763446113,0.0037069639957471954,0.0037069639957471954,0.9924934123488641,AAPL
2,2023-05-03,0,0,0.9648186801871639,0.006212606406749062,0.028968713406087056,0.9358499667810768,MSFT
2,2023-05-04,0,0,0.7568309092766555,0.0610860094481719,0.18208308127517264,0.5747478280014828,MSFT
2,2023-05-04,1,-1,0.9985995596683311,0.000974406663351591,0.000974406663351591,0.9976251530049796,AAPL
2,2023-05-05,0,-1,0.5045056454369273,0.06777639837283936,0.4277179561902333,0.07678768924669405,AAPL
2,2023-05-05,0,0,0.5615954404867488,0.260061043409938,0.260061043409938,0.3015343970768108,MSFT
2,2023-05-08,0,-1,0.9993293587057291,0.00022375582729795786,0.0004468854669728659,0.9988824732387562,AAPL
2,2023-05-08,0,1,0.6827456299115497,0.6827456299115497,0.20906412619339293,0.4736815037181568,MSFT
2,2023-05-09,0,-1,0.9980626321419499,0.0008397627846964265,0.0010976050733536842,0.9969650270685962,AAPL
2,2023-05-09,0,-1,0.8456446043462587,0.1163850748301824,0.1163850748301824,0.7292595295160762,MSFT
2,2023-05-10,0,0,0.9713453438168054,0.0006318055253048541,0.02802285065788994,0.9433224931589155,AAPL
2,2023-05-10,0,-1,0.9324047387539991,0.0012388511718324732,0.06635641007416833,0.8660483286798307,MSFT
2,2023-05-11,0,-1,0.8505724389185984,0.00014116853635719653,0.14928639254504447,0.7012860463735539,AAPL
2,2023-05-11,0,-1,0.9951322577314289,0.004848527588160438,0.004848527588160438,0.9902837301432684,MSFT
2,2023-05-12,0,-1,0.8853637368039092,0.11115624684963715,0.11115624684963715,0.7742074899542721,AAPL
2,2023-05-12,0,-1,0.9996487674177614,0.00029289309418807614,0.00029289309418807614,0.9993558743235733,MSFT
2,2023-05-15,1,-1,0.9998910648264485,2.8681453729420496e-05,8.025371982204937e-05,0.9998108111066265,MSFT
2,2023-05-15,0,-1,0.9929418134993916,0.0008485064602180677,0.0062096800403902905,0.9867321334590013,AAPL
2,2023-05-16,0,-1,0.9894692170245,0.00013675685859744664,0.010394026116902723,0.9790751909075972,AAPL
2,2023-05-16,1,-1,0.9980939283370829,9.839176499125579e-06,0.0018962324864179542,0.996197695850665,MSFT
2,2023-05-17,0,-1,0.9991725728597786,0.0007147835731338689,0.0007147835731338689,0.9984577892866447,AAPL
2,2023-05-17,1,-1,0.9999203340539495,1.8055989324301642e-05,6.160995672621229e-05,0.9998587240972233,MSFT
2,2023-05-18,0,-1,0.6540180500231652,0.04992353932033582,0.29605841065649896,0.3579596393666662,AAPL
2,2023-05-18,0,-1,0.9912635113856029,2.5316908608721786e-05,0.008711171705788393,0.9825523396798145,MSFT
2,2023-05-19,-1,-1,0.9999694203317965,1.298060156558232e-05,1.759906663786482e-05,0.9999518212651586,AAPL
2,2023-05-19,0,-1,0.9995009757770382,2.571638188005838e-06,0.0004964525847737216,0.9990045231922645,MSFT
2,2023-05-22,-1,-1,0.9996048923176677,0.00037184550338014983,0.00037184550338014983,0.9992330468142876,AAPL
2,2023-05-22,-1,-1,0.981017313181776,4.022290152361253e-05,0.018942463916700483,0.9620748492650755,MSFT
2,2023-05-23,0,-1,0.995631680079719,0.0040636733642457085,0.0040636733642457085,0.9915680067154733,AAPL
2,2023-05-23,1,-1,0.989239930939332,0.010138233654548086,0.010138233654548086,0.9791016972847839,MSFT
2,2023-05-24,1,-1,0.9953279370726945,0.002731265272134749,0.002731265272134749,0.9925966718005598,MSFT
2,2023-05-24,1,-1,0.9992537932107244,6.923815212371842e-05,0.0006769686371518848,0.9985768245735726,AAPL
2,2023-05-25,1,-1,0.3420075675602822,0.3239122895813007,0.3340801428584171,0.007927424701865138,MSFT
2,2023-05-25,1,-1,0.9994397430314484,0.0003721270263206756,0.0003721270263206756,0.9990676160051277,AAPL
2,2023-05-26,1,-1,0.9966453623249374,0.00015490286485903565,0.0031997348102035155,0.9934456275147339,AAPL
2,2023-05-26,0,-1,0.9917041616359746,0.0022678034831850437,0.006028034880840435,0.9856761267551342,MSFT
2,2023-05-30,1,-1,0.9965847357441147,9.44812856724082e-05,0.003320782970212928,0.9932639527739018,AAPL
2,2023-05-30,0,-1,0.7827588105872213,0.14398633985958315,0.14398633985958315,0.6387724707276381,MSFT
2,2023-05-31,1,-1,0.9701896915300361,0.0008321096261644415,0.028978198843799458,0.9412114926862366,AAPL
2,2023-05-31,1,1,0.7171798936602237,0.7171798936602237,0.24510684868394486,0.4720730449762789,MSFT
2,2023-06-01,0,-1,0.9942482978643196,3.460080200369677e-05,0.005717101333676672,0.9885311965306429,AAPL
2,2023-06-01,0,1,0.552218586479831,0.552218586479831,0.36493424575134426,0.18728434072848676,MSFT
2,2023-06-02,0,-1,0.9978907734628175,8.915532978118813e-05,0.002020071207401404,0.9958707022554161,AAPL
2,2023-06-02,0,-1,0.9520183142431385,0.004913114419887473,0.04306857133697415,0.9089497429061644,MSFT
2,2023-06-05,0,-1,0.5375708729300064,0.46169777011746754,0.46169777011746754,0.07587310281253884,AAPL
2,2023-06-05,-1,-1,0.9864920229591589,0.0017588516079387803,0.011749125432902406,0.9747428975262565,MSFT
2,2023-06-06,-1,-1,0.9655248778720532,0.033271399455714806,0.033271399455714806,0.9322534784163384,MSFT
2,2023-06-06,0,-1,0.9970453311893335,0.0029015081114602175,0.0029015081114602175,0.9941438230778733,AAPL
2,2023-06-07,1,-1,0.9639892494932271,0.03568587968357359,0.03568587968357359,0.9283033698096534,AAPL
2,2023-06-07,0,-1,0.9363684235014631,0.0587686716644736,0.0587686716644736,0.8775997518369895,MSFT
2,2023-06-08,1,-1,0.9832786689943934,0.011977037495012537,0.011977037495012537,0.9713016314993809,AAPL
2,2023-06-08,1,-1,0.8676821426320079,0.0008267867609523521,0.1314910706070397,0.7361910720249683,MSFT
2,2023-06-09,1,-1,0.9994711251222568,0.0003132524490575207,0.0003132524490575207,0.9991578726731992,AAPL
2,2023-06-09,1,-1,0.8859386486937705,0.0011796024501316848,0.11288174885609771,0.7730568998376728,MSFT
2,2023-06-12,0,-1,0.991131163481221,0.0007792183863272213,0.008089618132451902,0.9830415453487691,AAPL
2,2023-06-12,1,-1,0.9919444590354145,0.002352619945879027,0.005702921018706338,0.9862415380167082,MSFT
2,2023-06-13,1,-1,0.9995315913109257,0.0004516392737144529,0.0004516392737144529,0.9990799520372112,AAPL
2,2023-06-13,1,-1,0.9880694215809362,0.002926421665018672,0.009004156754045088,0.9790652648268912,MSFT
2,2023-06-14,0,-1,0.9991628320148351,4.884196638429067e-05,0.0007883260187805637,0.9983745059960546,AAPL
2,2023-06-14,1,-1,0.9783651113927379,1.8890226126608178e-05,0.021615998381135447,0.9567491130116024,MSFT
2,2023-06-15,-1,-1,0.8175191167217993,0.0009621003343152989,0.18151878294388538,0.636000333777914,MSFT
2,2023-06-15,0,-1,0.9970767692084602,3.955953365185446e-05,0.0028836712578879527,0.9941930979505723,AAPL
2,2023-06-16,0,-1,0.9087407233595891,0.08969959330823649,0.08969959330823649,0.8190411300513526,AAPL
2,2023-06-16,-1,-1,0.778429531774888,0.09715422215898532,0.12441624606612672,0.6540132857087613,MSFT
2,2023-06-20,1,-1,0.9998923523129889,8.52616711446891e-05,8.52616711446891e-05,0.9998070906418443,AAPL
2,2023-06-20,0,-1,0.9902555924840867,0.009625436597249086,0.009625436597249086,0.9806301558868376,MSFT
2,2023-06-21,1,-1,0.993800841436289,0.005647093559477383,0.005647093559477383,0.9881537478768117,AAPL
2,2023-06-21,0,-1,0.9559911300280589,0.024327337028962136,0.024327337028962136,0.9316637929990967,MSFT
2,2023-06-22,0,-1,0.977881968396651,0.00254500732673569,0.019573024276613487,0.9583089441200375,AAPL
2,2023-06-22,-1,-1,0.7128605660118551,0.09097213340870047,0.19616730057944445,0.5166932654324107,MSFT
2,2023-06-23,0,-1,0.9993070109737464,0.0006354597253433108,0.0006354597253433108,0.9986715512484031,AAPL
2,2023-06-23,0,-1,0.9498630517418367,0.002824999979905029,0.04731194827825837,0.9025511034635784,MSFT
2,2023-06-26,1,1,0.9196100495938823,0.9196100495938823,0.06663185687172364,0.8529781927221586,MSFT
2,2023-06-26,1,-1,0.9813224311998106,0.018650286243652,0.018650286243652,0.9626721449561586,AAPL
2,2023-06-27,0,-1,0.97650840139879,0.0023323617511229453,0.02115923685008709,0.9553491645487029,MSFT
2,2023-06-27,0,-1,0.9987979533934431,0.0004936194661269523,0.000708427140429846,0.9980895262530133,AAPL
2,2023-06-28,1,-1,0.9992176390073737,3.0431924868498793e-05,0.0007519290677579959,0.9984657099396157,AAPL
2,2023-06-28,0,-1,0.9974160698868574,0.00038691195132805006,0.002197018161814642,0.9952190517250428,MSFT
2,2023-06-29,1,-1,0.9998208191085265,0.00013383806445194302,0.00013383806445194302,0.9996869810440745,AAPL
2,2023-06-29,0,-1,0.9960923778390518,0.001870911017797085,0.0020367111431511503,0.9940556666959006,MSFT
2,2023-06-30,-1,0,0.7286009695960334,0.00035643017533945853,0.27104260022862703,0.45755836936740635,AAPL
2,2023-06-30,0,-1,0.9959552477992926,3.107451678689835e-05,0.004013677683920591,0.991941570115372,MSFT
2,2023-07-03,0,-1,0.998815096787413,0.00036136468903801884,0.0008235385235490588,0.9979915582638639,AAPL
2,2023-07-03,0,-1,0.9721962564077086,0.01237881521402691,0.015424928378264636,0.956771328029444,MSFT
2,2023-07-05,0,-1,0.9997348245505928,0.00024578105163130376,0.00024578105163130376,0.9994890434989615,AAPL
2,2023-07-05,0,-1,0.9126697400383471,0.08713363619039821,0.08713363619039821,0.825536103847949,MSFT
2,2023-07-06,-1,-1,0.9982963950557278,0.0002486246117550295,0.0014549803325170862,0.9968414147232106,MSFT
2,2023-07-06,-1,-1,0.9984051410794335,0.00045937418099042726,0.00113548473957611,0.9972696563398573,AAPL
2,2023-07-07,-1,-1,0.9673346554136505,0.032507252335521576,0.032507252335521576,0.934827403078129,MSFT
2,2023-07-07,-1,-1,0.9989696698150838,0.0005017795983714619,0.0005285505865446732,0.9984411192285392,AAPL
2,2023-07-10,0,-1,0.9924201317582392,0.00755488809421619,0.00755488809421619,0.984865243664023,AAPL
2,2023-07-10,1,-1,0.9872134028631369,0.012750097059232666,0.012750097059232666,0.9744633058039042,MSFT
2,2023-07-11,1,-1,0.9497573056374562,0.03647671099260097,0.03647671099260097,0.9132805946448552,AAPL
2,2023-07-11,1,-1,0.9991902304964859,0.0003481837971125105,0.000461585706401446,0.9987286447900845,MSFT
2,2023-07-12,0,-1,0.9998200446547246,0.0001532297863233577,0.0001532297863233577,0.9996668148684013,AAPL
2,2023-07-12,1,-1,0.9995027200553772,9.494619265996687e-05,0.0004023337519626159,0.9991003863034146,MSFT
2,2023-07-13,1,-1,0.9998740165103687,0.0001025265376685169,0.0001025265376685169,0.9997714899727002,AAPL
2,2023-07-13,0,-1,0.9945788105283137,0.00030780490619585036,0.0051133845654905904,0.989465425962823,MSFT
2,2023-07-14,1,-1,0.9999460873309478,1.4108062632503558e-05,3.980460641968914e-05,0.9999062827245281,AAPL
2,2023-07-14,1,-1,0.9999038336395578,5.6817784031473555e-05,5.6817784031473555e-05,0.9998470158555264,MSFT
2,2023-07-17,0,-1,0.7059968333083828,4.557150475846844e-05,0.2939575951868587,0.4120392381215241,AAPL
2,2023-07-17,1,-1,0.9877456292900096,9.273270890181471e-05,0.012161638001088595,0.975583991288921,MSFT
2,2023-07-18,-1,0,0.9941611753239545,0.00016797960104484723,0.005670845075000493,0.988490330248954,MSFT
2,2023-07-18,0,-1,0.9997537281824813,1.439878059746162e-05,0.00023187303692113106,0.9995218551455601,AAPL
2,2023-07-19,-1,-1,0.9999184055251157,3.8818078451865806e-05,4.2776396432408966e-05,0.9998756291286833,AAPL
2,2023-07-19,-1,-1,0.6476831002085015,0.27986982099924496,0.27986982099924496,0.36781327920925655,MSFT
2,2023-07-20,0,-1,0.9885315650431425,0.011382751978913957,0.011382751978913957,0.9771488130642286,AAPL
2,2023-07-20,0,1,0.6179403633193604,0.6179403633193604,0.30585292129560115,0.31208744202375927,MSFT
2,2023-07-21,0,-1,0.9516508931137425,0.04785479100499171,0.04785479100499171,0.9037961021087508,AAPL
2,2023-07-21,1,1,0.6027060846490077,0.6027060846490077,0.3646463901923663,0.23805969445664138,MSFT
2,2023-07-24,0,-1,0.9973361296413431,0.0009014054391065903,0.0017624649195504384,0.9955736647217927,AAPL
2,2023-07-24,-1,0,0.8395749169072576,0.02574633268379292,0.13467875040894953,0.7048961664983081,MSFT
2,2023-07-25,0,-1,0.9998192527429455,5.254869868942643e-05,0.00012819855836525333,0.9996910541845803,AAPL
2,2023-07-25,-1,0,0.8441973025602748,0.12137601845192583,0.12137601845192583,0.722821284108349,MSFT
2,2023-07-26,0,0,0.8726939547394383,0.018281796589311144,0.10902424867125039,0.763669706068188,MSFT
2,2023-07-26,0,-1,0.9998930507450148,3.411582707823142e-05,7.283342790683556e-05,0.9998202173171079,AAPL
2,2023-07-27,0,0,0.9859599683838818,0.003537351431727681,0.010502680184390623,0.9754572881994912,MSFT
2,2023-07-27,1,-1,0.9924748180437809,0.0074080556126267655,0.0074080556126267655,0.9850667624311541,AAPL
2,2023-07-28,0,-1,0.9980057281986523,8.186485564562112e-05,0.0019124069457020548,0.9960933212529502,AAPL
2,2023-07-28,0,0,0.9834935509444315,3.619920080897871e-05,0.016470249854759488,0.9670233010896719,MSFT
2,2023-07-31,-1,-1,0.999868615450748,5.115056292243706e-05,8.023398632939674e-05,0.9997883814644186,AAPL
2,2023-07-31,-1,0,0.5410695203770393,0.07797481772673483,0.3809556618962259,0.1601138584808134,MSFT
2,2023-08-01,-1,-1,0.9998907542962293,0.00010129718265672406,0.00010129718265672406,0.9997894571135726,AAPL
2,2023-08-01,-1,-1,0.9809285482778376,0.0010339109547843504,0.01803754076737802,0.9628910075104595,MSFT
2,2023-08-02,-1,-1,0.9965557137109753,0.0032842153305676232,0.0032842153305676232,0.9932714983804076,AAPL
2,2023-08-02,0,1,0.82266366082451,0.82266366082451,0.1663765236911285,0.6562871371333816,MSFT
2,2023-08-03,-1,-1,0.9957519157692803,0.00387453284174629,0.00387453284174629,0.991877382927534,AAPL
2,2023-08-03,0,0,0.6703516418720455,0.012492538219752705,0.31715581990820174,0.3531958219638438,MSFT
2,2023-08-04,0,0,0.5495637200828091,0.01898961055046994,0.431446669366721,0.11811705071608808,AAPL
2,2023-08-04,0,0,0.6067964527231134,0.0021069125036658593,0.3910966347732207,0.21569981794989274,MSFT
2,2023-08-07,-1,-1,0.988671412939826,0.0009805399298408713,0.010348047130333068,0.9783233658094929,MSFT
2,2023-08-07,0,1,0.825422094312556,0.825422094312556,0.12426587044292309,0.7011562238696329,AAPL
2,2023-08-08,0,0,0.5769654577790193,0.0013352910527937212,0.42169925116818696,0.15526620661083235,AAPL
2,2023-08-08,0,-1,0.4202574278843679,0.4201588611942802,0.4201588611942802,9.856669008767582e-05,MSFT
2,2023-08-09,0,1,0.5428945293685707,0.5428945293685707,0.2663035811725748,0.27659094819599594,AAPL
2,2023-08-09,0,1,0.8127692684850705,0.8127692684850705,0.10843648273940008,0.7043327857456704,MSFT
2,2023-08-10,0,-1,0.5385221443017788,0.13532030133344158,0.32615755436477956,0.21236458993699925,AAPL
2,2023-08-10,0,0,0.4919046203771387,0.08475422283967811,0.4233411567831831,0.0685634635939556,MSFT
2,2023-08-11,0,-1,0.9892450715100055,0.004568085719708354,0.006186842770285997,0.9830582287397195,AAPL
2,2023-08-11,0,1,0.6515965065311038,0.6515965065311038,0.33105484099283433,0.32054166553826946,MSFT
2,2023-08-14,0,-1,0.9995887642767172,0.0002838288990477112,0.0002838288990477112,0.9993049353776694,AAPL
2,2023-08-14,0,-1,0.9973625963358264,0.002359616666244593,0.002359616666244593,0.9950029796695817,MSFT
2,2023-08-15,-1,-1,0.910881403429262,0.06487551811926551,0.06487551811926551,0.8460058853099965,AAPL
2,2023-08-15,-1,-1,0.9740022804375981,0.02574347315573486,0.02574347315573486,0.9482588072818632,MSFT
2,2023-08-16,0,-1,0.9351315917529401,0.005140204647508435,0.059728203599551444,0.8754033881533887,AAPL
2,2023-08-16,-1,-1,0.8737398806684804,0.12502764538399755,0.12502764538399755,0.7487122352844828,MSFT
